id,lat_req,lon_req,lat_near,lon_near,dist_km,depth
1,37.807000000000002,-122.465,37.825706481933594,-122.68885803222656,19.773817475133669,26.526601791381836
2,21.306999999999999,-157.86699999999999,21.245670318603516,-157.75,13.909553190171266,337.6181640625
3,29.309999999999999,-94.793000000000006,29.27781867980957,-94.752906799316406,5.2841275835750858,10
4,32.713000000000001,-117.173,32.554775238037109,-117.24106597900391,18.712756766762258,46.232383728027344
5,8.9649999999999999,-79.572999999999993,8.7161855697631836,-79.5,28.806124667440383,29.058271408081055
6,48.424999999999997,-123.37,48.321872711181641,-123.42352294921875,12.12960035524795,144.72773742675781
7,43.656999999999996,-70.247,43.711769104003906,-70.114036560058594,12.304575482900431,10
8,39.354999999999997,-74.418000000000006,39.313201904296875,-74.391357421875,5.1818951086905871,12.739901542663574
9,32.781999999999996,-79.924999999999997,32.61590576171875,-80.020271301269531,20.50786941238135,10
10,33.719999999999999,-118.27200000000001,33.734458923339844,-118.48533630371094,19.794711540706071,595.16180419921875
11,40.700000000000003,-74.015000000000001,40.5543212890625,-73.937423706054688,17.471731086158684,10
12,46.207999999999998,-123.767,46.250076293945312,-124.0963134765625,25.759954413921978,16.082639694213867
13,54.317,-130.32300000000001,54.270656585693359,-130.49296569824219,12.17457663439011,10
14,58,7.5670000000000002,58.033615112304688,7.7469682693481445,11.239292544190013,10
15,44.902999999999999,-66.984999999999999,44.983619689941406,-66.959358215332031,9.188869241441683,10
16,41.505000000000003,-71.326999999999998,41.315055847167969,-71.224334716796875,22.790252565108684,10
17,48.368000000000002,-124.617,48.378807067871094,-124.63566589355469,1.8289282649447602,10
18,38.781999999999996,-75.120000000000005,38.94195556640625,-75.128684997558594,17.802161028661775,10
19,34.226999999999997,-77.953000000000003,34.219959259033203,-77.785408020019531,15.428560979157014,10
20,41.744999999999997,-124.18300000000001,41.694259643554688,-124.33704376220703,13.97476695013288,78.22393798828125
21,57.052,-135.34200000000001,56.908592224121094,-135.34019470214844,15.946614334733399,10
22,27.760000000000002,-82.626999999999995,27.573015213012695,-82.752189636230469,24.17228620922846,10
23,26.059999999999999,-97.215000000000003,26.027168273925781,-97.000389099121094,21.749150878957163,28.964176177978516
24,28.216999999999999,-177.36699999999999,28.282377243041992,-177.24859619140625,13.687795999892678,1538.2373046875
25,-14.282999999999999,-170.68299999999999,-14.347655296325684,-170.75,10.188081631442945,212.12870788574219
26,20.899999999999999,-156.46700000000001,21.012491226196289,-156.5,12.969357663997352,369.30746459960938
27,35.177,-120.76000000000001,35.079799652099609,-120.72407531738281,11.291191727427544,46.370010375976562
28,19.283000000000001,166.61699999999999,19.3701171875,166.5,15.638257445053057,3103.023681640625
29,21.966999999999999,-159.34999999999999,21.942922592163086,-159.25,10.654946856178135,1815.203369140625
30,30.672000000000001,-81.466999999999999,30.769433975219727,-81.260040283203125,22.555795050910163,11.878391265869141
31,26.129999999999999,-81.807000000000002,26.032598495483398,-82.0008544921875,22.1841559598986,11.051290512084961
32,44.625,-124.04300000000001,44.568187713623047,-124.20719146728516,14.454013380821564,59.739139556884766
33,60.558,-145.75299999999999,60.561317443847656,-145.98501586914062,12.68601732538462,12.217516899108887
34,60.119999999999997,-149.42699999999999,59.907749176025391,-149.3626708984375,23.870476319248592,10
35,43.344999999999999,-124.322,43.396747589111328,-124.51532745361328,16.652442242400806,114.57671356201172
36,36.604999999999997,-121.88800000000001,36.566921234130859,-121.95767211914062,7.5249929020271189,28.59556770324707
37,29.727,-84.981999999999999,29.71453857421875,-84.755867004394531,21.881029448957761,10
38,40.767000000000003,-124.217,40.730033874511719,-124.36785888671875,13.356481316579423,50.399585723876953
39,18.460000000000001,-66.117000000000004,18.661048889160156,-66,25.531970298171107,1524.366943359375
40,36.183,-75.747,36.169471740722656,-75.563865661621094,16.50631932947654,25.507148742675781
41,29.263000000000002,-89.956999999999994,29.283439636230469,-90.00390625,5.0857815315312971,10
42,53.880000000000003,-166.53700000000001,54.007843017578125,-166.5472412109375,14.231306886436531,60.467235565185547
43,27.579999999999998,-97.216999999999999,27.562692642211914,-97.250991821289062,3.8638564959449968,10
44,30.25,-88.075000000000003,30.336673736572266,-88.006752014160156,11.654264819280625,10
45,29.73,-93.870000000000005,29.700141906738281,-93.753776550292969,11.704796080164174,10
46,38.912999999999997,-123.708,38.879425048828125,-123.66667175292969,5.1701210652820153,23.074775695800781
47,69.316999999999993,16.149999999999999,69.284782409667969,15.95388126373291,8.4998834562599388,17.200895309448242
48,-8.9299999999999997,-140.08199999999999,-8.9632158279418945,-140,9.734920483111539,494.66445922851562
49,7.1079999999999997,171.37200000000001,6.9826507568359375,171.25,19.378756836479724,2083.77099609375
50,-21.199999999999999,-159.78700000000001,-21.245691299438477,-159.75,6.3656626284626441,157.20236206054688
51,28.414999999999999,-80.593000000000004,28.442422866821289,-80.503662109375,9.2528850661065984,10
52,34.408000000000001,-119.685,34.316371917724609,-119.73069763183594,11.018255143043874,140.50643920898438
53,-2.2719999999999998,40.902999999999999,-2.2494218349456787,41,11.066079790859488,10
54,16.754999999999999,-22.983000000000001,16.755922317504883,-22.75,24.808692017381681,53.638504028320312
55,18.09,-67.938000000000002,18.186677932739258,-68,12.589168319280354,749.00811767578125
56,9.9879999999999995,-83.019999999999996,9.9496135711669922,-83,4.7975629873449783,10
57,33.618616670000002,130.40778330000001,33.780601501464844,130.44168090820312,18.282852664503633,10
58,36.201383329999999,133.3311167,36.136199951171875,133.38951110839844,8.9448976907303468,147.0811767578125
59,34.488616669999999,133.94945000000001,34.413761138916016,133.93246459960938,8.4680197199225287,10
60,34.009166669999999,134.58778330000001,34.030433654785156,134.69049072265625,9.7567828179799463,33.407569885253906
61,34.682216670000003,135.1902833,34.626659393310547,135.17948913574219,6.2560964035240145,15.222522735595703
62,33.266383329999996,134.16444999999999,33.229740142822266,134.20332336425781,5.4469948284468011,211.78388977050781
63,32.605283329999999,130.1952833,32.589057922363281,130.21026611328125,2.2858542957502297,10
64,35.47666667,135.38695000000001,35.600368499755859,135.40745544433594,13.879604050957228,59.647941589355469
65,37.940550000000002,139.06111670000001,37.950263977050781,139.09284973144531,2.984900647323165,10
66,37.04945,136.96833330000001,36.966838836669922,137.12142944335938,16.406780086048848,370.59140014648438
67,25.214897000000001,-80.533506000000003,25.139209747314453,-80.250457763671875,29.700831198258264,26.746614456176758
68,26.421111109999998,-80.071944439999996,26.47724723815918,-80.001213073730469,9.4100783716026744,147.66548156738281
69,50.509999999999998,-128.03,50.439178466796875,-128.00407409667969,8.0859024717280565,10
70,63.9861,20.895,63.995254516601562,21.110477447509766,10.556080645368608,15.586725234985352
71,58.3536,11.2178,58.409259796142578,11.09766674041748,9.3461118954533902,55.087947845458984
72,64.915800000000004,21.230599999999999,64.791862487792969,21.442468643188477,17.033437571627982,25.833414077758789
73,55.522199999999998,12.893599999999999,55.464157104492188,12.696053504943848,14.018089020274829,11.029189109802246
74,57.274999999999999,16.478100000000001,57.201999664306641,16.675338745117188,14.378716900722079,22.260396957397461
75,58.553600000000003,16.837199999999999,58.534446716308594,16.959989547729492,7.4365287649382523,12.146383285522461
76,57.249699999999997,12.112500000000001,57.286151885986328,11.91313648223877,12.653375158927686,10
77,55.557499999999997,14.357799999999999,55.497154235839844,14.362483024597168,6.7166220985332332,24.610597610473633
78,53.958024000000002,10.872182,54.116230010986328,11.047243118286133,20.979738376423121,14.914272308349609
79,54.097710999999997,13.457153,54.211696624755859,13.519145965576172,13.301937713613238,10
80,54.169730999999999,12.103388000000001,54.253513336181641,12.182519912719727,10.642784704630376,10
81,60.030000000000001,20.379999999999999,60.033603668212891,20.490982055664062,6.1774057910110702,10
82,60.560000000000002,27.18,60.495864868164062,27.078235626220703,9.0472867640332666,10
83,59.82,22.98,59.865386962890625,23.061103820800781,6.7820772799623725,10
84,60.149999999999999,24.960000000000001,60.121349334716797,24.830154418945312,7.8637013017457527,10
85,62.340000000000003,21.210000000000001,62.387287139892578,21.230129241943359,5.3596204732621535,10
86,65.670000000000002,24.52,65.655342102050781,24.479705810546875,2.4629109698275,10
87,65.040000000000006,25.420000000000002,64.992340087890625,25.273952484130859,8.6678687964772472,10
88,63.710000000000001,22.690000000000001,63.726341247558594,22.80938720703125,6.1525567432990416,10
89,61.590000000000003,21.460000000000001,61.641242980957031,21.39848518371582,6.5605154381214019,10
90,63.079999999999998,21.57,63.073318481445312,21.347288131713867,11.237878961175573,10
91,60.43,22.100000000000001,60.381538391113281,22.022735595703125,6.8585920021179856,10
92,61.933776000000002,5.1133100000000002,61.877113342285156,5.1237945556640625,6.3244838788806259,10
93,63.113858999999998,7.7343520000000003,63.086841583251953,7.8049960136413574,4.6535808572391311,10
94,69.646109999999993,18.954789999999999,69.830390930175781,18.509836196899414,26.710701210580428,10
95,70.664641000000003,23.683226999999999,70.756004333496094,23.422616958618164,13.958803834407011,10
96,64.859455999999994,11.230107,64.846160888671875,11.240717887878418,1.561059623271873,10
97,58.995212000000002,9.8563790000000004,58.876209259033203,9.9157333374023438,13.663722189927329,211.16552734375
98,45.418799999999997,12.425700000000001,45.434516906738281,12.554919242858887,10.234472612944835,10
99,-37.071199999999997,149.9083,-37.098030090332031,150,8.6641290368069548,40.624500274658203
100,-31.523599999999998,159.0582,-31.526939392089844,159,5.5288979191189007,62.447860717773438
101,-34.475000000000001,150.91,-34.461879730224609,151,8.3786033335340218,59.298885345458984
102,-26.686699999999998,153.12,-26.724678039550781,153.25,13.586329089729752,33
103,-28.536811149999998,153.55211,-28.496803283691406,153.75,19.839946383307012,70.133041381835938
104,-33.825400000000002,151.2585,-33.841220855712891,151.5,22.375503382974902,130.41975402832031
105,-30.302858369999999,153.1460611,-30.239664077758789,153.25,12.206957431792324,14.70709228515625
106,56.105300999999997,15.589399999999999,56.109283447265625,15.777027130126953,11.642572399926467,10
107,52.792000000000002,-6.1451998000000003,52.829551696777344,-5.9426212310791016,14.241544213065806,26.786355972290039
108,57.731999999999999,-152.512,57.750988006591797,-152.26605224609375,14.748721440829765,12.816861152648926
109,31.26778333,130.29304999999999,31.168268203735352,130.22610473632812,12.766150475583329,256.90289306640625
110,27.199770000000001,-80.206712999999993,27.138200759887695,-80.0018310546875,21.393224636438642,63.15130615234375
111,53.544966000000002,8.5681820000000002,53.561248779296875,8.4262542724609375,9.5487536620879787,10
112,54.178908999999997,7.8899229999999996,54.078624725341797,7.790642261505127,12.8915679747503,20.291423797607422
113,32.779166670000002,132.9588833,32.614963531494141,132.96119689941406,18.259864621109536,106.80390930175781
114,32.696116670000002,128.84944999999999,32.776432037353516,128.9571533203125,13.462554826985285,10
115,34.076383329999999,136.2072167,34.051921844482422,136.44181823730469,21.780871369706368,264.12457275390625
116,55.337000000000003,-160.50200000000001,55.271785736083984,-160.48162841796875,7.3652482184455748,21.890605926513672
117,33.683616669999999,135.37528330000001,33.639793395996094,135.19766235351562,17.145920416079164,170.02493286132812
118,56.623111000000002,-6.064222,56.634025573730469,-6.2509880065917969,11.487726646773462,10
119,59.548000000000002,-139.73500000000001,59.552215576171875,-139.71853637695312,1.0394525426832422,18.755153656005859
120,31.57695,131.40944999999999,31.587150573730469,131.47244262695312,6.0738918027403059,51.46917724609375
121,-31.42679171,152.9109833,-31.526939392089844,153,13.973950638127086,57.520484924316406
122,34.240549999999999,132.55028329999999,34.002029418945312,132.43905639648438,28.430008659941446,17.588085174560547
123,42.975549999999998,144.37138329999999,42.839183807373047,144.36630249023438,15.168895140295501,94.520828247070312
124,41.78166667,140.72471669999999,41.634929656982422,140.66226196289062,17.120303326956932,116.61286926269531
125,59.324199999999998,18.081700000000001,59.356254577636719,18.438823699951172,20.561153984245703,10
126,60.4086,18.210799999999999,60.522018432617188,18.182210922241211,12.708558051947128,10.755922317504883
127,34.608333330000001,138.22221669999999,34.469982147216797,138.18620300292969,15.733657239969919,76.127922058105469
128,64.150581000000003,-21.939889999999998,64.131553649902344,-22.171550750732422,11.432669898366285,27.055667877197266
129,35.091383329999999,136.88083330000001,34.847034454345703,136.92709350585938,27.495423616965258,10
130,26.213333330000001,127.6652833,26.248977661132812,127.49787902832031,17.161527016489178,54.278007507324219
131,40.647216669999999,139.9263833,40.719940185546875,139.96464538574219,8.7063523270885703,70.175086975097656
132,-29.428999999999998,153.3621,-29.371963500976562,153.5,14.787998161668838,52.31781005859375
133,28.399999999999999,129.49799999999999,28.217180252075195,129.49339294433594,20.333659089682669,65.346336364746094
134,34.917000000000002,139.81700000000001,34.888317108154297,139.93055725097656,10.835744139229876,35.568111419677734
135,45.399999999999999,141.68299999999999,45.460678100585938,141.58633422851562,10.120453467315018,71.313247680664062
136,44.017000000000003,144.28299999999999,44.061691284179688,144.2691650390625,5.0910137246519502,10
137,24.300000000000001,153.96700000000001,24.241497039794922,153.99977111816406,7.3043294812942561,1521.5106201171875
138,43.206699999999998,141.00530000000001,43.223949432373047,141.04635620117188,3.8403679659061436,26.815103530883789
139,32.946100000000001,131.96080000000001,33.006446838378906,131.95523071289062,6.7303516942773616,10
140,-17.600000000000001,146.11670000000001,-17.711013793945312,146.25,18.758198968361388,24
141,70.332999999999998,31.100000000000001,70.267669677734375,31.164789199829102,7.6595780839169416,161.26010131835938
142,30.152280000000001,-85.700000000000003,30.132633209228516,-85.75677490234375,5.8803043191080091,10
143,53.25,-132.06999999999999,53.256614685058594,-131.76678466796875,20.184974676698143,10
144,50.039999999999999,-125.25,50.013874053955078,-125.15776062011719,7.2010887604259874,19.329351425170898
145,49.200000000000003,-122.91,49.052188873291016,-123.10098266601562,21.523552125362954,10
146,-12.973000000000001,-38.517000000000003,-13.133454322814941,-38.5,17.93651002159892,513.385986328125
147,-20.318000000000001,118.575,-20.310745239257812,118.5,7.8624149282734619,10
148,13.433,144.65000000000001,13.37679386138916,144.5,17.386960907904218,2162.286376953125
149,70.980317999999997,25.972697,70.895614624023438,26.080656051635742,10.202001283579026,137.23622131347656
150,68.212638999999996,14.482149,68.1754150390625,14.715211868286133,10.478785354623408,25.12017822265625
151,42.406101,-8.6911000999999999,42.448043823242188,-9.0177478790283203,27.212934392341687,53.921581268310547
152,24.452200000000001,122.9419,24.232473373413086,122.99958801269531,25.12179257197047,10
153,60.398046000000001,5.320487,60.278179168701172,5.1154494285583496,17.46293810229546,10
154,5.8879999999999999,95.316999999999993,5.9890637397766113,95.25,13.460956408631448,459.03839111328125
155,31.453299999999999,-81.362799999999993,31.389514923095703,-81.262733459472656,11.851744309869556,10
156,34.6554,129.47819999999999,34.735317230224609,129.42140197753906,10.292327592107718,63.350265502929688
157,-32.9238,151.78890000000001,-33.006614685058594,151.75,9.8978955330212166,20.31266975402832
158,-37.649999999999999,176.18299999999999,-37.495780944824219,176.25,18.136532314487276,57.3287353515625
159,33.361116670000001,129.5752833,33.37860107421875,129.69821166992188,11.579889954383052,10
160,-3.7149999999999999,-38.476999999999997,-3.4978253841400146,-38.5,24.283264230861551,25.130477905273438
161,34.719999999999999,-76.670000000000002,34.618862152099609,-76.790542602539062,15.747984376917179,15.613996505737305
162,47.567,-52.700000000000003,47.599006652832031,-52.569625854492188,10.406038000433837,173.18478393554688
163,-0.997,100.375,-0.99994921684265137,100.25,13.901143231282219,52.976882934570312
164,-41.049999999999997,145.91499999999999,-40.979896545410156,146,10.565222926286836,52.618621826171875
165,39.185549999999999,139.54778329999999,39.257801055908203,139.53961181640625,8.0647409937093499,154.40179443359375
166,-0.68700000000000006,73.152000000000001,-0.74997860193252563,73.25,12.952577030740038,1933.8240966796875
167,-17.605,177.43799999999999,-17.472705841064453,177.5,16.11241503075389,18.724700927734375
168,8.7330000000000005,167.733,8.7161855697631836,167.75,2.643253809559567,865.473388671875
169,-12.67,141.86330000000001,-12.646055221557617,141.5,39.505155479189369,10
170,67.292330000000007,14.39977,67.350761413574219,14.369426727294922,6.6262373312458021,10
171,34.627499999999998,131.60471670000001,34.769886016845703,131.67263793945312,17.006702917790118,90.738899230957031
172,-23.850000000000001,151.30000000000001,-23.785791397094727,151.5,21.561397799590992,21.018543243408203
173,-35.832999999999998,174.5,-35.892215728759766,174.75,23.471297278346469,48.935096740722656
174,-34.779800000000002,138.48070000000001,-34.873111724853516,138.25,23.47538203985027,25.386703491210938
175,55.332999999999998,-131.625,55.18426513671875,-131.63688659667969,16.555728069469072,10
176,44.68,-63.619999999999997,44.453895568847656,-63.657749176025391,25.318922053339996,10
177,35.593616670000003,134.31611670000001,35.579120635986328,134.15609741210938,14.559754605652321,65.142601013183594
178,58.194719999999997,-136.34693999999999,58.21002197265625,-136.42353820800781,4.799680744580467,94.697792053222656
179,54.636400000000002,-8.3948999999999998,54.591686248779297,-8.5918540954589844,13.621858952251729,18.808870315551758
180,-27.367000000000001,153.167,-27.392578125,153.25,8.6748173612723019,10
181,42.174199999999999,139.5181,42.120685577392578,139.61845397949219,10.19108821516339,661.4903564453125
182,17.988,120.488,18.186677932739258,120.5,22.128391103701876,27.003396987915039
183,78.938000000000002,11.938000000000001,79.035911560058594,11.558563232421875,13.546002925661265,166.31707763671875
184,49.152999999999999,-125.913,49.080825805664062,-126.01444244384766,10.904786798111456,19.632192611694336
185,26.690000000000001,-78.983000000000004,26.698884963989258,-79.001434326171875,2.0808254470157825,10
186,56.246609999999997,-134.64771999999999,56.243080139160156,-134.64805603027344,0.39305187352696735,10
187,51.048090999999999,2.366698,51.101169586181641,2.4640686511993408,9.0062317460041239,11.269321441650391
188,11.795,99.816999999999993,11.668495178222656,99.75,15.845544373332396,10
189,59.440497999999998,-151.71989400000001,59.440364837646484,-151.77967834472656,3.3799610498413273,12.85799503326416
190,-21.140000000000001,-175.18000000000001,-21.245691299438477,-175.25,13.812504564180028,127.41500854492188
191,47.542676,-2.8951669999999998,47.548896789550781,-3.0303187370300293,10.167608354902255,10
192,22.300000000000001,114.217,22.17329216003418,114.24997711181641,14.492360297493537,10
193,39.942216670000001,139.7033333,39.992813110351562,139.75407409667969,7.0958588261133846,16.17827033996582
194,46.904310000000002,-124.10508299999999,46.931808471679688,-124.28691864013672,14.145051162556328,39.917705535888672
195,47.079999999999998,-64.879999999999995,47.167819976806641,-64.915061950683594,10.119051089972542,10
196,42.5214,141.32060000000001,42.3673095703125,141.36740112304688,17.559178457611917,190.96934509277344
197,10.34,107.072,10.195759773254395,107,17.869062325262977,10
198,13.818,120.202,13.86273193359375,120.25,7.1831498797345255,39.350021362304688
199,33.351700000000001,-79.186700000000002,33.421783447265625,-79.026985168457031,16.751758487652193,10.113021850585938
200,-39.482999999999997,176.917,-39.452785491943359,177,7.8771701454740786,10.965297698974609
201,-17.762,168.29300000000001,-17.949007034301758,168.25,21.286466750875427,1182.982421875
202,47.899999999999999,-65.849999999999994,47.918716430664062,-65.507896423339844,25.583345229487204,42.375030517578125
203,37.356666670000003,138.5086167,37.370491027832031,138.36131286621094,13.108845119737424,106.63587188720703
204,-42.877000000000002,147.34200000000001,-43.023212432861328,147.5,20.728991033027398,10
205,30.734999999999999,130.9922167,30.760049819946289,130.97975158691406,3.0294469189622606,39.123523712158203
206,52.159999999999997,-128.13999999999999,52.133811950683594,-128.40274047851562,18.162683425742927,10
207,36.946700999999997,-76.330001999999993,37.098766326904297,-76.330703735351562,16.90903099030373,10
208,64.5,-165.43000000000001,64.438735961914062,-165.54966735839844,8.9048778312981227,21.776874542236328
209,-24.7667,152.38329999999999,-24.697599411010742,152.5,14.069556930538363,14
210,44.354999999999997,143.36195000000001,44.370918273925781,143.47966003417969,9.5234265870584824,46.020904541015625
211,-28.776,114.6019,-28.716283798217773,114.5,11.949189274259899,18.024530410766602
212,58.974339000000001,5.7301209999999996,59.041187286376953,5.6525259017944336,8.6597532961596091,10
213,-19.27,147.05000000000001,-19.134098052978516,147,15.997760684627,10.862350463867188
214,-35.357700000000001,150.47649999999999,-35.486118316650391,150.5,14.437385909077525,112.23422241210938
215,53.557436000000003,6.7478090000000002,53.593776702880859,6.8243441581726074,6.4701489473216833,10
216,-33.637,-78.829999999999998,-33.633323669433594,-78.75,7.4175898590285954,36.999973297119141
217,40.897500000000001,140.8591667,41.111873626708984,140.94822692871094,24.981353899722336,43.604892730712891
218,35.568049999999999,140.04554999999999,35.289299011230469,140.42311096191406,46.162785589214948,10
219,36.720001000000003,-3.5239999000000002,36.599594116210938,-3.4164285659790039,16.472011294589461,645.83184814453125
220,-33.323399999999999,115.66,-33.424922943115234,115.5,18.659567961782329,10.504623413085938
221,63.869331000000003,8.6652310000000003,63.818157196044922,8.6896886825561523,5.8151920881992085,10
222,-25.298300000000001,152.9083,-25.151031494140625,153,18.794822268019793,10
223,52.94061,-168.871306,52.862190246582031,-168.82122802734375,9.34441460675081,25.237152099609375
224,-0.755,-90.313000000000002,-0.74997860193252563,-90.5,20.799182599691768,38.983161926269531
225,-31.824999999999999,115.738,-31.739795684814453,115.5,24.40986177211887,39.665557861328125
226,24.332999999999998,124.15000000000001,24.232908248901367,124.24958801269531,15.025259230269707,684.1141357421875
227,-37.865699999999997,144.91650000000001,-38.480922698974609,145,68.798029536931026,10.76663875579834
228,58.767000000000003,-94.183000000000007,58.753654479980469,-94.260406494140625,4.7040681386086689,10
229,42.354999999999997,-71.052000000000007,42.353538513183594,-70.778274536132812,22.493260973356684,14.18105411529541
230,62.469414,6.1519459999999997,62.465591430664062,6.114565372467041,1.9678222125093168,10
231,25.868600000000001,131.22810000000001,25.808877944946289,131.24848937988281,6.9472286229947944,272.2725830078125
232,43.460999000000001,-3.7909999000000001,43.577419281005859,-3.8888545036315918,15.160421679729962,65.102958679199219
233,-8.9770000000000003,-158.053,-8.9632158279418945,-158,6.019664974911823,166.98649597167969
234,40.192216670000001,141.7966667,40.243946075439453,142.00486755371094,18.590119969536133,106.02136993408203
235,62.363300000000002,17.531099999999999,62.327957153320312,17.641735076904297,6.9315825482971052,66.422607421875
236,38.911098000000003,1.4497199999999999,38.829559326171875,1.4173344373703003,9.490302713569239,10
237,1.262,103.85299999999999,1.2499008178710938,103.75,11.529108567454285,10
238,-16.9267,145.78,-16.755922317504883,145.75,19.25617286422754,10
239,27.100000000000001,142.18299999999999,27.15159797668457,142.24697875976562,8.5444534621320862,163.25119018554688
240,29.841999999999999,129.84200000000001,29.919233322143555,129.73545837402344,13.389097251597327,491.53118896484375
241,48.640811999999997,-2.0281030000000002,48.673023223876953,-2.1177020072937012,7.492729764176743,10
242,24.553000000000001,-81.808000000000007,24.462339401245117,-81.750244140625,11.65221344222779,24.90941047668457
243,-41.283000000000001,174.78299999999999,-41.356288909912109,174.75,8.6027365397915236,13.473958015441895
244,43.557999000000002,-5.6980000000000004,43.63629150390625,-5.6613187789916992,9.1932193904001327,12.959217071533203
245,7.8319999999999999,98.424999999999997,7.7264752388000488,98.5,14.351238596487658,14.765542984008789
246,-10.5863,142.2216,-10.441716194152832,142.25,16.374086298177659,10
247,28.48,-16.239999999999998,28.279317855834961,-16.24772834777832,22.327672128397019,302.25314331054688
248,-4.6719999999999997,55.527999999999999,-4.7445683479309082,55.5,8.6452889674145261,10
249,49,-64.379999999999995,49.062721252441406,-64.403488159179688,7.1814400044438074,48.761135101318359
250,47.193449999999999,-1.633667,47.1724853515625,-2.3008434772491455,50.475421453565197,10
251,38.338270999999999,-0.477877,38.298393249511719,-0.35974878072738647,11.219117703073895,61.950057983398438
252,-65.25,-64.266999999999996,-65.288566589355469,-64.25,4.3607225951893289,10
253,29.001109,-82.765788000000001,28.868484497070312,-82.754249572753906,14.789877932370043,10
254,39.834702,3.1391699000000002,39.900436401367188,3.2230989933013916,10.233983775048417,51.975856781005859
255,60.683332999999998,-151.398056,60.709686279296875,-151.37641906738281,3.1580987730063392,10
256,39.459999000000003,-0.33000001000000001,39.428844451904297,-0.067391350865364075,22.814589148543142,91.938888549804688
257,57.639200000000002,18.284400000000002,57.633735656738281,18.084455490112305,11.916500493193039,99.999809265136719
258,-38.683,178.03299999999999,-38.676361083984375,178.25,18.851069401617849,59.4183349609375
259,51.863,-176.63200000000001,51.848102569580078,-176.78573608398438,10.6876276093681,10.64174747467041
260,52.231999999999999,-174.17259999999999,52.274814605712891,-174.39308166503906,15.745238227441771,10
261,-38.343000000000004,141.613,-38.480922698974609,141.5,18.224622526788583,104.01618194580078
262,50.189999999999998,-66.379999999999995,50.135673522949219,-66.340431213378906,6.666041505892764,10
263,-12.472,130.84700000000001,-12.402004241943359,130.75,13.096491968630703,10
264,37.131999999999998,-6.8340000999999999,37.041877746582031,-6.9191036224365234,12.546294560941217,29.101299285888672
265,-38.547199999999997,143.9888,-38.676361083984375,144,14.395007717453945,93.686363220214844
266,35.208638999999998,-75.704166999999998,35.212158203125,-75.54901123046875,14.101463994757349,10.487200736999512
267,67.575806,-164.06438900000001,67.584762573242188,-164.20123291015625,5.8881836386215376,10
268,42.519922000000001,3.10745,42.603427886962891,3.133887767791748,9.5345616170901621,48.109958648681641
269,28.966999000000001,-13.529999999999999,28.934783935546875,-13.24611759185791,27.852941613454593,1304.3228759765625
270,48.649999999999999,-53.119999999999997,48.734783172607422,-53.193992614746094,10.879963629903731,121.037353515625
271,56.897399999999998,-154.24799999999999,56.859989166259766,-154.19371032714844,5.3089788578794579,10
272,-8.2799999999999994,111.73,-8.4689912796020508,111.75,21.129762628064054,249.395751953125
273,30.112347,-83.979772999999994,29.926586151123047,-84.006584167480469,20.81636334242306,10
274,14.677,-17.420000000000002,14.589726448059082,-17.5,12.971372974247165,117.31272888183594
275,55.916697999999997,10.2667,55.930252075195312,10.421639442443848,9.7700702222542777,17.724164962768555
276,41.284999999999997,-70.096999999999994,41.348350524902344,-69.976722717285156,12.26882428465637,10
277,55.059888999999998,-162.326111,54.967239379882812,-162.40205383300781,11.383277892047982,10
278,55.466700000000003,8.4332999999999991,55.485511779785156,8.3056573867797852,8.3115361818909843,10
279,1.363,172.93000000000001,1.2499008178710938,173,14.788893925465755,1055.9732666015625
280,56.599997999999999,10.300000000000001,56.642421722412109,10.468442916870117,11.333152108748966,10
281,-17.524999999999999,-149.56700000000001,-17.472705841064453,-149.5,9.1813858944386748,695.2681884765625
282,27.780000999999999,-17.899999999999999,27.838699340820312,-17.748414993286133,16.274915792694195,2313.763671875
283,49.929169999999999,1.08449,49.946285247802734,0.93511569499969482,10.858402136927234,15.775879859924316
284,61.237499999999997,-149.8904,61.166679382324219,-149.99327087402344,9.6113127196825445,10
285,44.938616670000002,142.58916669999999,45.013034820556641,142.65377807617188,9.7110529629753071,50.479522705078125
286,43.829999999999998,-66.120000000000005,43.690273284912109,-66.109626770019531,15.559241359744725,10
287,-33.177599999999998,138.01169999999999,-33.216018676757812,137.75,24.722403944728242,10
288,-15.449999999999999,145.25,-15.55531120300293,145.5,29.235089590182593,33.789886474609375
289,-41.484999999999999,-72.962000000000003,-41.730510711669922,-73,27.481791296871819,59.54034423828125
290,35.017216670000003,138.89028329999999,35.067947387695312,138.67495727539062,20.398397466453293,858.61456298828125
291,52.147669999999998,-6.9918800000000001,52.091213226318359,-7.1253886222839355,11.067976566733362,23.209917068481445
292,9.5579999999999998,-78.947999999999993,9.7032814025878906,-79,17.130902212389277,696.37103271484375
293,55.716701999999998,11.716699999999999,56.014923095703125,11.844594955444336,34.107376292146313,10.941075325012207
294,41.341999000000001,2.1630001000000001,41.386192321777344,2.2956087589263916,12.10878288562802,53.441875457763672
295,48.383000000000003,-4.4950000000000001,48.300155639648438,-4.4923214912414551,9.2140122811885963,10
296,46.219999999999999,-60.25,46.270931243896484,-60.038558959960938,17.217692539049757,17.723588943481445
297,43.341666670000002,145.59,43.417507171630859,145.58949279785156,8.4331902884404268,22.785863876342773
298,37.607778000000003,-75.685833000000002,37.479282379150391,-75.589759826660156,16.610113511308587,11.46186351776123
299,48.479999999999997,-68.510000000000005,48.498165130615234,-68.600288391113281,6.9537129875286681,15.875954627990723
300,-41.267000000000003,173.267,-40.979896545410156,173.25,31.956233028114369,13.41241455078125
301,-7.29,72.393000000000001,-7.2307300567626953,72.5,13.517895531242743,1327.333740234375
302,-7.9820000000000002,131.28999999999999,-7.9741320610046387,131.5,23.141502458721298,716.44976806640625
303,9.5079999999999991,138.12799999999999,9.4567680358886719,138.25,14.542663233689089,1654.37890625
304,41.078899,1.2132000000000001,41.056869506835938,1.2682349681854248,5.2237255922407515,63.220142364501953
305,-21.116700000000002,149.23330000000001,-21.01249885559082,149.25,11.715519439077902,10
306,36.712001999999998,-4.4169998000000001,36.613109588623047,-4.4192872047424316,10.998242264126258,71.108299255371094
307,32.033000000000001,-80.902000000000001,32.005077362060547,-80.766128540039062,13.180759379329253,10
308,-18.132999999999999,178.428,-18.186677932739258,178.5,9.6693434448055395,14.35565185546875
309,-20.024999999999999,148.25,-19.841127395629883,148.25,20.445728995683478,21.991945266723633
310,43.356997999999997,-8.3889999,43.538089752197266,-8.4585046768188477,20.903641054674988,96.89453125
311,63.436484,10.391669,63.553565979003906,9.4446086883544922,48.765984102097377,10
312,28,-17,28.059291839599609,-16.99809455871582,6.5956129933786531,488.72445678710938
313,-18.521699999999999,146.38499999999999,-18.424028396606445,146.5,16.280487186467415,26
314,29.449611000000001,-91.338110999999998,29.492691040039062,-91.50396728515625,16.755375481492639,10
315,-33.869999999999997,121.89700000000001,-34.048614501953125,122,22.015982997243359,10
316,-33.926000000000002,137.61519999999999,-33.841220855712891,137.5,14.211106643633373,13.526748657226562
317,-42.762999999999998,-65.030000000000001,-42.840171813964844,-64.75,24.402354969570823,27.456701278686523
318,54.085222000000002,-4.7680559999999996,54.036327362060547,-4.9114975929260254,10.825735108019312,28.444686889648438
319,41.283332999999999,-72.908332999999999,41.268894195556641,-72.970130920410156,5.4081099870087375,10
320,29.674444000000001,-92.135555999999994,29.702445983886719,-92.004226684570312,13.062755342570249,10
321,-21.649699999999999,115.1315,-21.478515625,115.25,22.638345877194055,20.3125
322,43.483499999999999,6.9349400000000001,43.469978332519531,7.0004253387451172,5.4937072347754983,751.18206787109375
323,-17.491700000000002,140.83330000000001,-17.472705841064453,140.75,9.0836659425255277,10
324,14.765000000000001,120.252,14.589726448059082,120.25,19.4907439939883,39.499973297119141
325,50.781778000000003,0.057028000000000002,50.655200958251953,0.014843019656836987,14.384662698463874,35.820468902587891
326,-32.149999999999999,133.63999999999999,-32.37542724609375,133.75,27.116462461792619,10
327,-2.2000000000000002,-80.917000000000002,-2.2494218349456787,-81,10.735443791195511,16.861240386962891
328,7.3300000000000001,134.46299999999999,7.2307300567626953,134.5,11.768588239064863,880.90155029296875
329,14.602,-61.063000000000002,14.589726448059082,-61.25,20.168646818075075,2394.20556640625
330,-32.173988880000003,152.50821120000001,-32.164039611816406,152.75,22.785130300502018,86
331,20.033000000000001,-155.833,20.07611083984375,-156,18.090335400348305,725.84515380859375
332,38.12171944,15.64891667,37.909130096435547,15.681113243103027,23.806567060832247,977.2109375
333,5.8879999999999999,-162.083,5.9890637397766113,-162,14.510483325967181,2520.289306640625
334,-23.652999999999999,-70.405000000000001,-23.556825637817383,-70.5,14.424284743962694,137.1922607421875
335,-13.82,-171.75700000000001,-13.619888305664062,-171.75,22.264280167881989,2287.154052734375
336,70.400000000000006,-148.52699999999999,70.421051025390625,-148.45167541503906,3.6558432914450512,10
337,47.57,-59.130000000000003,47.461734771728516,-59.148117065429688,12.115202520455677,278.30560302734375
338,49.651446999999997,-1.635508,49.800769805908203,-1.6961487531661987,17.166587995690538,54.208953857421875
339,12.57,-81.701999999999998,12.646055221557617,-81.75,9.9322914085605749,796.3341064453125
340,-20.934999999999999,55.284999999999997,-21.01249885559082,55.25,9.3523748375224525,60.013862609863281
341,36.176898999999999,-5.3983302000000002,36.028270721435547,-5.4333562850952148,16.823651089664711,368.77938842773438
342,-3.6379999999999999,128.19999999999999,-3.7473256587982178,128.25,13.362729247037917,657.26690673828125
343,56.648800000000001,12.835800000000001,56.600215911865234,12.685003280639648,10.689915653776852,18.004051208496094
344,23.628,58.564999999999998,23.771684646606445,58.500114440917969,17.28903680321211,208.430419921875
345,-4.0700000000000003,39.656999999999996,-3.9967546463012695,39.75,13.143188296593642,43.801616668701172
346,-46.600000000000001,168.34999999999999,-46.569602966308594,168.25,8.3563081060936,10
347,47.380000000000003,-61.859999999999999,47.482570648193359,-61.928573608398438,12.517526893406712,18.464960098266602
348,-23.161999999999999,150.78999999999999,-23.097698211669922,151,22.633013324281514,13.460139274597168
349,46.158500670000002,-1.22064996,46.091835021972656,-1.1343555450439453,9.9589266542350128,10
350,54.474701000000003,9.8360996000000007,54.525753021240234,10.118809700012207,19.117129487317222,18.252315521240234
351,-8.5030000000000001,179.21000000000001,-8.4689912796020508,179.25,5.8010922713241477,2112.134521484375
352,-43.600000000000001,172.71700000000001,-43.569072723388672,173,23.052192618913796,10
353,57.433300000000003,10.566700000000001,57.483642578125,10.600327491760254,5.9482322465120614,10
354,54.650722000000002,-3.567167,54.731346130371094,-3.6778802871704102,11.445560221372521,10
355,44.392194000000003,-68.204278000000002,44.279708862304688,-68.154937744140625,13.108927326536371,23.287683486938477
356,30.324999999999999,-89.325000000000003,30.334165573120117,-89.256378173828125,6.6644622327059011,10
357,51.215249999999997,-3.1344720000000001,51.189773559570312,-3.0438032150268555,6.9231412989973169,10
358,30.402999999999999,-87.212999999999994,30.338245391845703,-87.256973266601562,8.3452057418853851,10
359,50.594189999999998,-4.8343699999999998,50.657283782958984,-4.9662461280822754,11.651535245675356,46.644737243652344
360,43.397632999999999,3.6991049999999999,43.280059814453125,3.6926665306091309,13.083924963173759,48.029201507568359
361,18.567,-72.349999999999994,18.661048889160156,-72.75,43.42930212237281,66.568778991699219
362,16.738,-169.53,16.755922317504883,-169.5,3.7650404890382929,423.89898681640625
363,-45.817,170.65000000000001,-45.877773284912109,170.75,10.279090166677967,29.689023971557617
364,58.904899999999998,23.424800999999999,58.960880279541016,23.446344375610352,6.3462935094547577,10
365,-33.027000000000001,-71.626999999999995,-33.006614685058594,-71.75,11.690175280557041,172.8475341796875
366,20.687000000000001,58.872,20.778924942016602,58.75,16.292584004993866,10
367,-32.609444000000003,115.643056,-32.586318969726562,115.5,13.64577412698007,25.82086181640625
368,-20.155000000000001,57.494999999999997,-20.07611083984375,57.5,8.7876077233504422,67.616172790527344
369,1.75,98.766999999999996,1.4998286962509155,98.75,27.881919339339127,14.352185249328613
370,57.125278000000002,-170.28527800000001,56.999691009521484,-170.29035949707031,13.968034554782967,62.658359527587891
371,12.005000000000001,-61.765000000000001,11.913220405578613,-61.75,10.335062590192472,113.54906463623047
372,46.229999999999997,-64.549999999999997,46.387046813964844,-64.58026123046875,17.616847204302999,10
373,11.234999999999999,-74.221999999999994,11.178401947021484,-74.25,6.9953342204140201,23.408233642578125
374,41.922798159999999,8.7628498100000005,41.852699279785156,8.6314420700073242,13.38226249071794,627.05743408203125
375,36.830002,-2.4779998999999999,36.782432556152344,-2.4092259407043457,8.0913086304102197,77.180809020996094
376,-30.287199999999999,115.0428,-30.239664077758789,115,6.6959665518154825,10
377,13.573,-89.837999999999994,13.619888305664062,-90,18.26856887409858,33.978057861328125
378,-13.859999999999999,136.417,-13.86273193359375,136.25,18.031358388746511,10
379,28.141000999999999,-15.412000000000001,28.278633117675781,-15.497590065002441,17.451378825861113,2922.00341796875
380,-38.034999999999997,-57.530000000000001,-38.088455200195312,-57.5,6.4983817606543184,19.339530944824219
381,56.549999999999997,-61.683,56.538761138916016,-61.543434143066406,8.6462929765559942,10
382,52.466701999999998,1.75,52.395469665527344,1.9565809965133667,16.090212317349039,30.264883041381836
383,54.842399999999998,-5.1188998000000003,54.850227355957031,-5.2827801704406738,10.528143851530956,144.85977172851562
384,-6.1550000000000002,39.189999999999998,-6.2376418113708496,39,22.92590557258146,10
385,-18.001999999999999,122.218,-17.949007034301758,122,23.798356269582808,21
386,36.254449999999999,136.14888329999999,36.378623962402344,136.13743591308594,13.845574373239506,104.03098297119141
387,51.6496,-9.9033999999999995,51.576305389404297,-9.8405418395996094,9.2336646058627139,42.885471343994141
388,39.893002000000003,4.2705598,39.864223480224609,4.4789252281188965,18.065824625629158,269.07131958007812
389,19.733000000000001,-155.06700000000001,19.841127395629883,-155,13.917651203912806,859.10845947265625
390,57.150002000000001,-2.0833298999999998,57.199020385742188,-1.9119747877120972,11.678699056881616,49.229640960693359
391,-9.4220000000000006,159.95500000000001,-9.210078239440918,160,24.076434916455909,566.96771240234375
392,-26.292000000000002,-80.108000000000004,-26.277215957641602,-80,10.892165098731537,1603.5780029296875
393,35.290999999999997,-2.9180000000000001,35.398639678955078,-2.9380297660827637,12.106090874737127,55.3843994140625
394,59.444400999999999,24.7637,59.512454986572266,24.541910171508789,14.633380545340547,30.77888298034668
395,42.16416667,142.77083329999999,42.064540863037109,142.65168762207031,14.80894872325303,114.96744537353516
396,-10.417,105.667,-10.441716194152832,105.75,9.4836705517631046,184.05949401855469
397,-21.954899999999999,114.1409,-21.943044662475586,114.25,11.329023350301789,20.224895477294922
398,-54.805,-68.295000000000002,-55.352470397949219,-68.25,60.9433638945507,10
399,28.677999,-17.768000000000001,28.500844955444336,-17.747777938842773,19.797360574590112,200.13139343261719
400,63.190600000000003,19.011900000000001,63.150684356689453,19.13157844543457,7.4682062944385423,126.36902618408203
401,37.734999999999999,-25.672000000000001,37.580791473388672,-25.739213943481445,18.139364447401526,675.31243896484375
402,-33.960000000000001,25.629999999999999,-34.048614501953125,25.75,14.813875787885017,52.674179077148438
403,33.938883330000003,131.24305000000001,33.985916137695312,131.18840026855469,7.2631727101394494,10
404,-24.898,113.652,-24.924524307250977,113.5,15.610297998568742,10
405,47.299999999999997,-53.979999999999997,47.366859436035156,-54.071853637695312,10.158081522530953,180.767578125
406,-21.982877800000001,166.68327650000001,-21.943044662475586,166.75,8.1831939491419377,45.984695434570312
407,53.363042999999998,5.2200259999999998,53.322605133056641,5.1326179504394531,7.3409632259261537,10
408,51.917504999999998,4.2497879999999997,51.906993865966797,3.9624593257904053,19.743246677417773,10
409,51.379295999999997,3.3762750000000001,51.496921539306641,3.3393762111663818,13.327101413142143,10
410,-39.049999999999997,174.03299999999999,-39.065639495849609,174,3.3381247438809232,11.301714897155762
411,43.071387999999999,-70.710555999999997,43.032451629638672,-70.568771362304688,12.307270366694389,28.726144790649414
412,22.247,91.825000000000003,22.172586441040039,91.749992370605469,11.317692432578735,10
413,43.277999999999999,5.3529999999999998,43.201026916503906,5.4578027725219727,12.055277942906141,50.608070373535156
414,5.2850000000000001,-52.585000000000001,5.2426691055297852,-52.5,10.523129173559619,18.366674423217773
415,54.483299000000002,-0.61667000999999999,54.469108581542969,-0.48442775011062622,8.6885075582322386,32.028270721435547
416,6.7670000000000003,73.173000000000002,6.7344398498535156,73.25,9.2413992617882936,1419.050048828125
417,54.588000999999998,16.8538,54.58282470703125,16.665843963623047,12.124855409558446,10
418,-12.117000000000001,96.891999999999996,-12.157724380493164,97,12.583646418856167,857.314697265625
419,-34.424791999999997,119.398732,-34.461879730224609,119.5,10.160904149938469,48.332344055175781
420,37.221208330000003,13.076455559999999,37.245311737060547,13.148401260375977,6.9103609439283193,414.97442626953125
421,-29.867000000000001,31.050000000000001,-30.023445129394531,31,18.050679601080976,62.660369873046875
422,53.268999999999998,-9.048,53.189323425292969,-9.3568410873413086,22.385271084671878,29.719127655029297
423,-27.155000000000001,-109.473,-27.170387268066406,-109.5,3.1721553576794306,871.08148193359375
424,54.399700000000003,18.698098999999999,54.510524749755859,18.805620193481445,14.148091759035475,30.703033447265625
425,15.227,145.74199999999999,15.314327239990234,145.75,9.7482052778763375,587.95941162109375
426,-14.296023,-178.160225,-14.347655296325684,-178.25,11.247903794296592,994.379638671875
427,42.742633329999997,10.23833333,42.803359985351562,10.22509765625,6.8383802918513492,17.93212890625
428,58.216701999999998,-6.3833298999999997,58.16156005859375,-6.1402192115783691,15.512593692269331,127.79884338378906
429,17.75,-64.704999999999998,17.711013793945312,-64.5,22.140758182865472,856.9029541015625
430,55.989832999999997,-3.1816939999999998,56.055107116699219,-2.799685001373291,24.824063285553706,25.025644302368164
431,-38.700000000000003,146.4667,-38.871269226074219,146.5,19.261774560479044,54.546138763427734
432,17.972000000000001,-67.046999999999997,17.949007034301758,-67.25,21.624296892961056,10
433,50.607899000000003,-2.4465001000000002,50.49658203125,-2.3703498840332031,13.496565954084321,16.968595504760742
434,13.775,109.255,13.86273193359375,109.25,9.7702871294391453,10
435,-14.945817,-147.70602099999999,-14.831531524658203,-147.75,13.558337931119762,1452.3116455078125
436,49.481892000000002,0.10598,49.520679473876953,0.082682177424430847,4.6295025780220289,12.507364273071289
437,-0.53200000000000003,166.91,-0.49999365210533142,167,10.621167084244094,1817.0076904296875
438,34.468000000000004,-120.673,34.511585235595703,-120.72808074951172,6.9980019259859514,146.00688171386719
439,46.229999999999997,-63.119999999999997,46.134922027587891,-63.047229766845703,11.964877305186748,10
440,-44.383000000000003,171.25,-44.467937469482422,171.25,9.4446287339303296,10
441,16.225000000000001,-61.531999999999996,16.036428451538086,-61.5,21.245008375007782,334.52886962890625
442,54.189999999999998,-133,54.196666717529297,-132.95295715332031,3.1488708061786661,22.236928939819336
443,6.9779999999999998,158.197,6.9826507568359375,158,21.749215330596424,1784.3560791015625
444,53.633301000000003,-0.18332999999999999,53.642734527587891,0.11717677861452103,19.838903640295456,10
445,-35.033700000000003,117.8926,-35.077960968017578,118,10.944898511735675,10
446,-23.341767999999998,-23.341767999999998,-23.327461242675781,-23.25,9.5036184180996628,4935.12451171875
447,54.252997999999998,-9.8900003000000005,54.191879272460938,-10.010519981384277,10.37170241457185,10
448,-23.34177,-149.47554,-23.327461242675781,-149.5,2.9611375028202218,888.4276123046875
449,-8.7319999999999993,116.072,-8.7161855697631836,116,8.1064449695594121,10
450,42.965775000000001,9.3498330000000003,43.020912170410156,9.2347726821899414,11.187587743590909,569.3671875
451,-2.0369999999999999,147.375,-1.99959397315979,147.5,14.500124022576532,304.04214477539062
452,52.716701999999998,-4.0333300000000003,52.708271026611328,-4.09832763671875,4.4777162489118334,10
453,-21.547799999999999,167.87710000000001,-21.478515625,167.75,15.239118167656109,586.56329345703125
454,26.824999999999999,-97.491693999999995,26.908626556396484,-97.250679016113281,25.651680680148939,22.927711486816406
455,50.651119999999999,-1.15317,50.569755554199219,-1.048456072807312,11.681212086372035,28.430107116699219
456,52.016700999999998,-4.9833297999999999,52.125144958496094,-4.9992718696594238,12.107566279721613,41.990325927734375
457,55.007444,-1.439778,55.014305114746094,-1.4303185939788818,0.97254115533535834,10
458,49.229999999999997,-124.81,49.370452880859375,-124.51813507080078,26.30181271672323,89.852714538574219
459,-67.566999999999993,-68.132999999999996,-67.582534790039062,-68.25,5.2549785141871617,67.915206909179688
460,53.450001,-3.01667,53.435195922851562,-3.1526145935058594,9.1529930965244617,10
461,12.186999999999999,-69.019999999999996,12.402004241943359,-69,24.005955996098052,1119.88671875
462,58.440972000000002,-3.086389,58.499336242675781,-2.9091839790344238,12.177634622246185,58.393009185791016
463,53.313943999999999,-4.6204169999999998,53.216945648193359,-4.5361475944519043,12.154931223841869,10
464,59.966701999999998,29.75,59.977218627929688,29.91029167175293,8.9957050807964229,10
465,57.049999,24.016701000000001,57.107933044433594,23.990894317626953,6.6280733485789547,23.831388473510742
466,1.4379999999999999,125.19,1.4998286962509155,125.25,9.5785520739890107,10
467,48.211210000000001,-122.337374,48.278720855712891,-122.45448303222656,11.469764173995031,30.011655807495117
468,51.381979999999999,1.1155299999999999,51.516078948974609,1.2334939241409302,17.004912492812501,10
469,46.778833329999998,-56.16830556,46.779125213623047,-56.04443359375,9.432657815966774,81.238670349121094
470,32.372999999999998,-64.703000000000003,32.286159515380859,-64.770668029785156,11.561429174036801,29.812644958496094
471,-43.982999999999997,168.61699999999999,-43.930252075195312,168.5,11.050389127257967,164.89533996582031
472,6.8700000000000001,99.769999999999996,6.7344398498535156,99.75,15.234514349239372,10
473,58.456693999999999,-5.0502219999999998,58.542263031005859,-5.1786446571350098,12.091503390082996,51.848419189453125
474,45.299999999999997,14.532999999999999,45.291648864746094,14.566276550292969,2.7635695372960893,10
475,45.25,-66.060000000000002,45.188667297363281,-65.974334716796875,9.5672215276046302,34.954414367675781
476,43.95055,141.63499999999999,43.932506561279297,141.48995971679688,11.784813128905549,51.13092041015625
477,-20.918472220000002,167.27869440000001,-20.778942108154297,167.25,15.79898872433586,23.206844329833984
478,-47.753,-65.915000000000006,-47.759349822998047,-65.75,12.354766552360706,10
479,42.355899999999998,14.41486111,42.421459197998047,14.477644920349121,8.9291204503000561,52.149711608886719
480,54.730998999999997,8.6870002999999993,54.7220458984375,8.560943603515625,8.1554572209255749,10
481,55.206778,-6.6568329999999998,55.253170013427734,-6.5601568222045898,8.0121054886333116,25.581710815429688
482,-8.7469999999999999,115.212,-8.7161855697631836,115.25,5.4021267038430318,10
483,58.388900999999997,24.486799000000001,58.117733001708984,24.202594757080078,34.433395773203138,10.84183406829834
484,4.1900000000000004,73.527000000000001,4.2461080551147461,73.5,6.9202032182775408,10
485,-17.001999999999999,-72.108000000000004,-16.995157241821289,-72.25,15.119038910408108,786.15740966796875
486,19.797999999999998,-70.701999999999998,19.841127395629883,-70.75,6.9433307490956091,16.596860885620117
487,-19.667999999999999,63.417999999999999,-19.605792999267578,63.5,11.02701743205705,190.15553283691406
488,-23.122188999999999,-134.96662799999999,-23.097698211669922,-135,4.3663307203829262,44.296188354492188
489,16.934999999999999,54.006999999999998,16.755922317504883,54,19.92648766356232,568.59967041015625
490,54.833302000000003,11.4833,54.901782989501953,11.630012512207031,12.087984552475058,10
491,18.093,-65.469999999999999,18.186677932739258,-65.5,10.88821693975776,10
492,20.140000000000001,92.903000000000006,20.07611083984375,93,12.371544728355463,10
493,52.772657000000002,4.6497019999999996,52.782825469970703,4.4487924575805664,13.560963220866752,21
494,-7.7519999999999998,109.017,-7.9741320610046387,109,24.770870711331131,99.807121276855469
495,-34.183,18.433,-34.255500793457031,18.5,10.146035918355166,40.650238037109375
496,-9.8049999999999997,-139.035,-9.7032814025878906,-139,11.943258057484201,223.11215209960938
497,-13.284663999999999,-176.16851399999999,-13.37679386138916,-176.25,13.515978316106512,1142.6055908203125
498,60.154027999999997,-1.140306,60.095909118652344,-0.87090611457824707,16.260706445009269,104.74563598632812
499,1.982,-157.47200000000001,1.99959397315979,-157.5,3.6755007852093557,232.6629638671875
500,1.8169999999999999,-78.730000000000004,1.99959397315979,-78.75,20.424848915955209,25.89471435546875
501,-12.068,-77.167000000000002,-12.157724380493164,-77.25,13.452365159558516,55.384483337402344
502,44.665000919999997,-1.16355002,44.71527099609375,-1.2628098726272583,9.6340258694079246,13.294557571411133
503,55.266700999999998,9.8832997999999996,54.973484039306641,10.020853042602539,33.757118239766157,11.534249305725098
504,61.340000000000003,1.1599999999999999,61.346878051757812,1.184323787689209,1.5057482745534918,156.76509094238281
505,1.0980000000000001,154.77699999999999,0.99994921684265137,154.75,11.308442118778906,1646.293212890625
506,43.395240000000001,-1.6816199999999999,43.495670318603516,-1.6117563247680664,12.510843555036731,45.21826171875
507,52.149999999999999,-131.09,52.244052886962891,-131.04988098144531,10.809772309856335,10
508,54.849997999999999,4.7199998000000001,54.863407135009766,4.7965612411499023,5.1222425027382927,38.146728515625
509,41.186698999999997,-8.7045002,41.133716583251953,-8.8177213668823242,11.160116492069882,42.354179382324219
510,-62.478000000000002,-59.664999999999999,-62.427459716796875,-59.75,7.1196634880197944,24.25773811340332
511,55.749806,-4.9063330000000001,55.599117279052734,-4.840965747833252,17.249851650720785,26.801305770874023
512,9.4250000000000007,-84.171999999999997,9.210078239440918,-84.25,25.384614898923299,149.08607482910156
513,28.228300000000001,-96.794998000000007,27.995513916015625,-96.751312255859375,26.236874257440004,15.20948600769043
514,-12.782044000000001,45.25817,-12.646055221557617,45.25,15.147228581354923,616.33306884765625
515,23.867999999999999,-166.28800000000001,23.785402297973633,-166.24989318847656,9.9688927048842118,142.16091918945312
516,-5.0830000000000002,-81.167000000000002,-4.9936656951904297,-81.25,13.534996370928599,62.339591979980469
517,-16.670000000000002,139.16999999999999,-16.755922317504883,139.25,12.801137279403036,10
518,42.049722000000003,-70.182221999999996,42.029041290283203,-70.260848999023438,6.888421483542734,10
519,-34.183,22.132999999999999,-34.255500793457031,22.25,13.443210512454234,66.281524658203125
520,44.410127780000003,8.9255166700000004,44.376293182373047,8.8667869567871094,5.9941214025951952,157.44989013671875
521,24.812000000000001,66.974999999999994,24.668600082397461,67.0001220703125,16.145937524818716,14.84406852722168
522,-34.049999999999997,23.045000000000002,-34.255500793457031,23,23.222833836769777,84.158309936523438
523,-23.5,-45.116999999999997,-23.556825637817383,-45,13.498469871712631,23.21723747253418
524,-20.691993,164.94312199999999,-20.545022964477539,165,17.381368640041021,361.56546020507812
525,28.771417,-95.617166999999995,28.639945983886719,-95.502029418945312,18.433915509199775,19.747293472290039
526,53.490000000000002,-130.63999999999999,53.500598907470703,-130.72456359863281,5.7165771383616031,102.4271240234375
527,-16.626998,-143.56921199999999,-16.516386032104492,-143.5,14.341849692668539,1620.779052734375
528,39.585999000000001,-9.0740003999999992,39.614028930664062,-9.1187372207641602,4.9402147193022685,89.906600952148438
529,6.9349999999999996,79.858000000000004,6.9826507568359375,79.75,13.045121588865738,20.973943710327148
530,23.181666669999998,-106.4233333,23.094398498535156,-106.5,12.474650613059078,60.171222686767578
531,25.155000000000001,121.752,25.355340957641602,121.74887084960938,22.279151418527288,153.98385620117188
532,-6.9329999999999998,-80.716999999999999,-6.9826507568359375,-80.75,6.6142073015312608,51.438240051269531
533,25.297000000000001,60.603000000000002,25.334537506103516,60.500438690185547,11.122035067446978,10
534,56.707500000000003,8.2089996000000003,56.694820404052734,7.9763131141662598,14.274547262104244,20.428213119506836
535,42.428888999999998,-124.412222,42.482032775878906,-124.55542755126953,13.151016371022939,62.769771575927734
536,-33.017000000000003,27.917000000000002,-33.006614685058594,28,7.8248964796724358,56.693141937255859
537,45.619999999999997,-61.369999999999997,45.710018157958984,-61.498912811279297,14.161403742518376,15.571402549743652
538,-28.800000000000001,32.082999999999998,-28.935306549072266,32,17.078905363149602,13.287569046020508
539,-54.283299999999997,-36.4968,-54.199012756347656,-36.5,9.3746331581012701,10
540,53.823245999999997,2.9438040000000001,53.852981567382812,2.8639657497406006,6.1946346480947021,31.146944046020508
541,-2.8100000000000001,-171.71799999999999,-2.7489447593688965,-171.75,7.663055088153663,2457.339111328125
542,53.269001000000003,3.6261999999999999,53.330581665039062,3.5265464782714844,9.5258962660945965,28.079418182373047
543,-19.050000000000001,-169.917,-19.134098052978516,-170,12.787171250420897,1787.8509521484375
544,-29.25,16.867000000000001,-29.153867721557617,16.75,15.595853209680616,63.791522979736328
545,59.422699000000001,27.740100999999999,59.481266021728516,27.834882736206055,8.4323768040580855,27.163885116577148
546,22.614999999999998,120.288,22.404317855834961,120.24996948242188,23.750317215930501,231.17729187011719
547,13.145,123.758,13.37679386138916,123.75,25.78887605432266,10
548,55.400002000000001,3.8099999000000002,55.4119873046875,3.8851778507232666,4.929684821303014,28.306411743164062
549,11.608000000000001,43.140000000000001,11.668495178222656,43.25,13.739342174832979,50.068611145019531
550,69.439999999999998,-132.99000000000001,69.496917724609375,-133.3338623046875,14.828613500498559,10
