station,lon,lat,dif_prct,z50_tg,z50_gos
ACoruna,-8.39,43.36,8.91453770074914,0.683654056753877,0.622709458121852
Aarhus,10.2167,56.150002,14.5937332387916,1.75944476527052,1.50267608974305
Abashiri,144.283,44.017,11.3141931823497,0.632768017896717,0.561175421955757
Aberdeen,-2.080222,57.144028,9.80110111614242,1.50146368208256,1.35430370837949
Aburatsu,131.417,31.567,27.4202830307576,0.849609915247932,0.616644471829569
Adak Alaska,-176.635,51.858,0.68109782830544,0.687914251104686,0.683228882079809
Almeria,-2.48,36.83,15.531131096914,0.458962284436643,0.387680250355397
Ancona,13.50651667,43.62476667,22.3837352708287,0.955239010080068,0.741420838860061
Andenes,16.15,69.317,11.3958541930552,1.00732977653517,0.892535943957997
Apia,-171.75,-13.817,40.1135654257106,0.238060837245315,0.142566147543921
Arica,-70.3233333333333,-18.4758333333333,80.8820753190473,0.664779448580891,0.127092034274147
Atlantic City,-74.418,39.355,9.57268134011157,1.56802348793286,1.41792159609495
Balboa,-79.573,8.962,64.0712186582563,0.914529967991036,0.328579472504219
Baltra,-90.285,-0.435,70.3695784542274,0.358845568322568,0.1063274545923
Bamfield,-125.133,48.833,27.742271786892,1.18371266119249,0.855323877548617
Barcelona,2.163,41.342,32.1019316184653,0.67292563261639,0.456903506190751
Benoa,115.21,-8.745,81.0708846776819,0.619900006461819,0.117341587106215
Bilbao,-3.05,43.357,11.0937446540395,0.601487090117725,0.534759648213053
Bluff,168.333,-46.6,-5.1212562470226,0.677901738259038,0.712618823378304
Bonanza,-6.34,36.8,47.3947782028863,1.05492623704996,0.554946286796079
Booby Island,141.917,-10.6,-11.1746449065452,1.30226721797515,1.44779095531822
Brest,-4.5,48.383,2.32020474711219,1.19299323593363,1.16531335024077
Brisbane,153.167,-27.367,51.9772318892862,0.621979707791289,0.298691872768306
Broome,122.217,-18,17.8945165253726,0.733584412239308,0.602313028363588
Bundaberg,152.35,-24.833,34.3361655107062,0.642163206539067,0.421668985092955
Cabo San Lucas,-109.908,22.88,49.2687617279991,0.433197731447899,0.219766573329736
Calais,1.86772001,50.9693985,26.9703070341554,1.98423886958921,1.44908355416994
Callao,-77.15,-12.05,71.1201051312615,0.3966603000108,0.114555077629142
Cape Town,18.417,-33.9,31.332756241503,0.605962735856718,0.41609790891639
Carnarvon,113.617,-24.883,28.4723018258495,0.852835374211665,0.610013512388507
Castletownbere,-9.18299999999999,51.533,5.09667556765027,1.00757316362238,0.95622042836584
Catania,15.093825,37.49808056,15.9855665515538,0.408249515377321,0.342988517400284
Charleston SC,-79.933,32.783,16.485807718339,1.21916470136653,1.01817555292938
Cherbourg,-1.635508,49.651447,-7.42500147827542,1.08165636540554,1.16196936652676
Chittagong,91.827,22.237,13.6658034427024,2.10953751472027,1.82125226440853
Churchill,-94.2,58.783,21.8793180431113,1.57123710015588,1.22746113780142
Colombo,79.858,6.963,69.7263584155482,0.341841392853915,0.103487838059892
Coquimbo,-71.3352777777778,-29.9497222222222,55.8680408807946,0.340849109638865,0.150423389723999
Crescent City,-124.183,41.745,54.8323842958034,1.07018847418362,0.483378617329862
Cristobal,-79.9,9.35,61.6474075296483,0.263266704081039,0.100969606126328
Cromer,1.301639,52.934194,21.2630099523772,2.6467959481359,2.08400746226465
Cuxhaven,8.717,53.867,30.0198881149709,4.76308831791195,3.33321453405754
Dakar,-17.4200000000001,14.677,71.336964739439,0.326402775485236,0.0935569426287829
Darwin,130.85,-12.467,23.3159526204025,0.67893481025119,0.520634691569602
Davao,125.633,7.083,66.5778022463901,0.288578256454105,0.0964491955460102
Davis,77.967,-68.45,-8.18113973648309,0.692129425438939,0.748753500891416
Duck Pier,-75.74,36.183,32.724925802644,1.25424875981916,0.843796783787757
Dunkerque,2.366698,51.048091,23.1859407139813,2.50998844124602,1.92802400933093
Durban,31,-29.883,43.6909860425233,0.505334833951467,0.284549062181723
Dutch Harbor,-166.538,53.88,12.2468195553558,0.724812136866719,0.636045702349333
East London,27.917,-33,58.5147175028368,0.796690081281854,0.330509130846657
El Hierro,-17.9,27.78,3.04736064162216,0.253460320984838,0.245736470921017
Esperance,121.9,-33.867,22.7800195990211,0.884655919972722,0.683131128019035
Faraday,-64.267,-65.25,13.1173390133728,0.682798299913222,0.593233332136059
Ferrol,-8.33,43.46,16.2419828379359,0.743462511674514,0.622709458121852
Fort Denison,151.233,-33.85,18.2376666501723,0.440076263559867,0.359816621605285
Fort Pulaski,-80.902,32.033,34.3294846805375,1.64459707371133,1.08001537323503
Fort de France,-61.067,14.6,38.526828649414,0.239807449463146,0.14741724431995
Fremantle,115.733,-32.05,50.0710146276914,0.956580639541602,0.477611007591063
Funchal,-16.9069999999999,32.64,72.5315885893485,1.21178259996921,0.33285742996223
Galveston Pier 21,-94.793,29.31,2.30570177497282,1.34010180484288,1.30920305374217
Galveston Pier,-94.788,29.285,18.1858207181309,1.60021534804091,1.30920305374217
Gandia,-0.15,39,29.1791929656806,0.59907903194385,0.424272605196023
Genova,8.92551667,44.41012778,20.3059780896616,0.592923186723181,0.472524334338649
Gijon,-5.7,43.56,1.15656142846002,0.618702130480369,0.611546460282173
Gomera,-17.11,28.09,1.48841210527891,0.239765103388526,0.236196410565457
Goteborgorsh,11.8,57.683,11.2132664254875,1.44048706132425,1.27896140931329
Guam,144.65,13.433,39.9849372873012,0.393771606990921,0.236322276880403
Hakodate,140.733,41.783,11.3167947956184,0.599559049290301,0.531708182003557
Halifax,-63.583,44.667,19.3493442904445,1.23861342846135,0.998949851760681
Hamada,132.067,34.9,28.8605693404148,0.663549859997713,0.472045592544847
Helgeroa,9.856379,58.995212,12.9239535551303,1.38098549576566,1.20250757168982
Helgoland,7.889923,54.178909,24.2154342001146,3.39909597949791,2.57599012918385
Hilo Hawaii,-155.067,19.733,39.933274382771,0.265345856794539,0.159384567737461
Hong Kong,114.217,22.3,31.6876166116223,1.32812833012415,0.907276116764066
Honiara,159.957,-9.425,69.3604217588243,0.30048666720681,0.0920678475031316
Honningsvag,25.983,70.983,12.7162886624657,0.958567705567914,0.836673469102723
Honolulu Hawaii,-157.867,21.307,30.3995471551313,0.222361228269377,0.154764421826898
Huelva,-6.83,37.13,50.5110449755778,1.02614914994442,0.507830491299487
Ilha Fiscal,-43.165,-22.897,57.1024880768253,0.829310059963148,0.355753381852779
Imbituba,-48.6502777777778,-28.2311111111111,48.5225200279052,0.917094710082456,0.472097245707837
Imperia,8.01886389,43.87833889,4.99551853045747,0.501258000875996,0.476217564556835
Iquique,-70.1477777777778,-20.2044444444444,64.1382435836221,0.350677932557456,0.125759265979745
Ishigake,124.15,24.333,30.8921027904369,0.841495099642275,0.581539568484295
Isla Pascua,-109.439444444444,-27.1547222222222,87.9472252557755,0.918544429114738,0.110710090966822
Juan Fernandez,-78.833,-33.622,29.0302148611691,0.387463922895692,0.274982313569558
Kabelvag,14.482149,68.212639,8.03095619651315,1.58975960083022,1.46208670365769
Kahului,-156.467,20.9,35.3420804516902,0.232597226405841,0.150392527521088
Kaohsiung,120.282,22.615,30.2624852082523,0.562853822409532,0.392520267658765
Kawaihae,-155.833,20.033,45.3143753082725,0.243151516773053,0.132968925894755
Keelung,121.745,25.157,36.0915093849154,0.884869666739601,0.565506847924009
Ketchikan,-131.625,55.333,39.0396262742908,1.35599569470087,0.826620043194179
Key West FL,-81.808,24.553,48.1004590349529,0.649843428129422,0.337265756190696
Ko Lak,99.817,11.795,29.6884455437597,0.972774795741734,0.68397308024453
Ko Taphao Noi,98.425,7.832,73.9874315923737,0.543948211557319,0.141494900633408
Kodiak,-152.512,57.732,17.7596871588332,0.959067460098256,0.788740079542638
Kushimoto,135.783,33.467,45.0159220198746,0.863645353845498,0.474867434830139
Kushiro,144.383,42.967,24.0345320990166,0.716240439879063,0.544095401450192
Kwajalein,167.733,8.733,50.0538053200069,0.220982996944957,0.110372597863812
La Jolla,-117.258,32.867,27.7866386460303,0.340853429999193,0.246141719092718
La Libertad,-80.917,-2.2,70.1287841258331,0.358734762219725,0.107158435238334
La Palma,-17.77,28.68,9.42989108666235,0.285016774104736,0.258140002727941
La Rochelle,-1.22064996,46.15850067,25.1846268803075,1.75855111776705,1.31566658025794
Lamu,40.903,-2.272,65.9358164003949,0.349945194928886,0.119205973698571
Langkawi,99.765,6.432,66.9373186147315,0.507982448611846,0.16795261847762
Lanzarote Arrecife,-13.53,28.97,2.20825063704899,0.252803128827045,0.247220602124242
Las Palmas,-15.41,28.14,15.3938051371791,0.300502669574654,0.25424387418831
Lautoka,177.433,-17.6,27.7089741014129,0.369829466596267,0.267353515477714
Legaspi,123.75,13.15,30.0093627699616,0.438392656286031,0.306833813704285
Lerwick,-1.13799999999992,60.153,17.3143778721421,0.948693633817349,0.784433233209257
Livorno,10.29933889,43.54628611,25.3712100823394,0.689249773002849,0.514378765102249
Lombrum,147.367,-2.033,62.4515108186708,0.24487342271098,0.0919462706345828
Maisaka,137.617,34.683,62.189244050059,1.1983330086561,0.453098769370542
Majuro,171.373,7.107,66.0439896579693,0.292233263344273,0.0992307571240349
Malaga,-4.42,36.71,11.0195937714296,0.478390491471019,0.425673802669767
Malakal,134.463,7.33,73.1152134819075,0.404219064083074,0.108673432444166
Maloy,5.117,61.933,-16.6523951223811,0.999377713566553,1.16579803919467
Manila,120.967,14.583,57.1176608924805,0.849527812090061,0.364297397193151
Manzanillo,-104.333,19.05,73.3401993230577,0.555921005436695,0.148207431970676
Marseille,5.35,43.3,63.5952021324131,1.28540874704828,0.467950456135208
Masirah,58.872,20.687,17.1046697706444,0.395829042000154,0.328123791509723
Mawson,62.867,-67.6,-30.0997166959922,0.569193813920453,0.740519539361623
Melilla,-2.93,35.29,3.81103698191146,0.423627174423058,0.407482586140369
Mera,139.833,34.917,49.7116517663983,0.997067838319506,0.501408946659358
Mokuoloe,-157.8,21.433,33.3518036211895,0.239590013599974,0.159682422768129
Mombasa,39.657,-4.07,59.8536665414878,0.301004145363174,0.120842127921445
Monaco,7.421497,43.728847,0.673442824570799,0.460755746308885,0.457652819796571
Mossel Bay,22.333,-34.067,13.8077988480174,0.838447686792348,0.722676516754206
Nagasaki,129.867,32.733,18.2406066928156,0.666826689755369,0.54519345595437
Naha,127.667,26.217,22.0764644590476,0.825321838248932,0.643119955955148
Nain,-61.7,56.55,-32.2044365049175,0.883461197122841,1.16797489739585
Nawiliwili,-159.35,21.967,32.5828073146575,0.243400253252873,0.164093617732101
Naze,129.498,28.378,20.396967147284,0.7267344330084,0.578502649459676
Neah Bay,-124.617,48.368,33.2887101547402,1.24769431560084,0.832352971263308
Newlyn,-5.53333,50.099998,21.2649875418785,1.22493365343544,0.964451664636115
Newport,-71.327,41.505,7.72157476108001,1.40928784305162,1.30046862865158
Nice,7.285257,43.695508,2.61796114624325,0.473789733141311,0.461386102012782
Nishinoomote,130.995,30.732,5.68978609519195,0.619361339404713,0.58412100403627
Nome,-165.43,64.5,24.5239384162565,2.7485523486903,2.07449906335892
North Shields,-1.4333301,55,12.3276534889101,1.83281905650694,1.60687547414206
Noumea,166.437,-22.25,35.1916148990381,0.407198520733766,0.263898785442559
Nuku alofa,-175.167,-21.133,58.2607440462942,0.475217136407119,0.198352096900838
Nylesund,11.933,78.933,3.26836461414328,0.713737232129969,0.690409696997068
Ofunato,141.717,39.067,10.9566598799609,0.605771054718954,0.539398780602147
Padang,100.367,-1,73.7639794594326,0.427747016183836,0.112223795027656
Papeete,-149.567,-17.525,59.4239042163215,0.301686628729159,0.122412655439694
Pensacola,-87.213,30.403,29.4628885993904,1.59145683179301,1.12256767833445
Ponta Delgada,-25.673,37.735,0.204324914976013,0.461903577706057,0.460959793613637
Port Bloc,-1.061555,45.56848,21.5780028327367,1.33055744140493,1.04344971900738
Port Elizabeth,25.63,-33.96,38.8750596833143,0.709785623619105,0.433856038813594
Port Hedland,118.567,-20.317,16.1305286301032,1.22344172241637,1.02609410510937
Port Louis,57.495,-20.155,45.1083361987815,0.428888190852568,0.23542386380592
Port Stanley,-57.933,-51.75,13.5649473881894,0.585473951850583,0.506054718310498
Port Vila,168.3,-17.767,34.3527197374071,0.37222558081249,0.24435597024504
Port aux basques,-59.133,47.567,15.969442676916,1.055687057271,0.887099717812485
Portland,141.613,-38.343,20.743873985414,0.689974380000931,0.546846964081897
Prigi,111.733,-8.283,84.5881947116708,0.717015342307368,0.110505008443859
Prince Rupert,-130.333,54.317,-3.15044485114876,1.05773744478679,1.09106087965475
Prudhoe Bay,-148.527,70.4,39.5462566414801,1.37911355054988,0.833725766471999
Qaqortoq,-46.033,60.717,14.7966197305582,0.958342307311547,0.8165400403816
Ravenna,12.28293611,44.492075,29.0398767573935,1.40948304692942,1.00017090718476
Reunion,55.293,-20.923,40.6600146434976,0.39149562471252,0.232313446375757
Reykjavik,-21.93989,64.150581,27.6670190477534,1.10903064373635,0.80219492428839
Richards Bay,32.083,-28.8,51.3324110596167,0.610845980980789,0.297284011082582
Rorvik,11.25,64.867,-7.91455424859085,1.25747257915185,1.35699592858998
Sabang,95.333,5.833,80.1613786201706,0.504312052564237,0.100048558681065
Saipan,145.742,15.277,39.6375126157038,0.499983750090306,0.301802628071792
Salalah,54.007,16.935,36.661349570024,0.331562258109844,0.210007059621929
Saldahna Bay,17.95,-33.017,41.2324564205782,0.575711704457758,0.338331626809045
Salvador,-38.517,-12.967,58.0648322902156,0.275182851158642,0.115398390141943
San Antonio,-71.6180555555555,-33.5816666666667,47.1475272219818,0.385314579905554,0.203648283454318
San Diego,-117.173,32.715,41.7791984283129,0.403235694220028,0.234767053398057
San Francisco,-122.465,37.807,49.4725679525473,0.776678712470343,0.392435808670483
San Juan PR,-66.117,18.46,40.3184435466754,0.303966740868561,0.181412082050801
Sand Point,-160.502,55.337,2.82947925596081,1.04731025807879,1.0176768315809
Santa Cruz,-90.312,-0.753,59.7366477227512,0.253255103839878,0.101968994619162
Santander,-3.79,43.46,16.1101025825805,0.636422064864613,0.533893817356746
Seward,-149.427,60.12,17.1959135493142,1.07212896368609,0.887766593953472
Simons Town,18.433,-34.183,21.8225128909563,0.555358036457468,0.434164957360575
Sitka,-135.342,57.052,0.407133393996446,0.91471828429439,0.910994160698036
Smogen,11.215,58.35,15.297209214659,1.4681993582933,1.24360583076689
South Beach,-124.043,44.625,42.8679736614998,1.26304229434457,0.72160165627134
Spring Bay,147.933,-42.55,-0.444894728692049,0.530521126096961,0.532881386621564
St Johns,-52.717,47.567,12.8078113639893,0.969926195163311,0.845699877716876
St Marys,-6.317139,49.917833,-6.92319632526041,0.844889602664183,0.903382968588336
Stockholm,18.083,59.317,14.2301686348423,0.881854910769768,0.756365469852592
Stornoway,-6.388889,58.207722,10.6834509970209,1.26505616900468,1.12990451310427
Subic Bay,120.252,14.765,29.576397480328,0.363907985807525,0.256277113462436
Suva,178.427,-18.132,38.4550870488288,0.335080373044945,0.206224923906971
Syowa,39.6,-69,-29.9391754071902,0.647493639320457,0.841347895747009
Talcahuano,-73.1061111111111,-36.7008333333333,43.4505456430113,0.729701847013963,0.412642412919264
Tanjong Pagar,103.853,1.262,43.6056003439957,1.00009458586307,0.563997337689681
Tarawa,172.93,1.362,67.6444256213571,0.31504222725689,0.101933722164236
Tenerife,-16.24,28.48,8.34395179387795,0.287526981633525,0.263535868891632
Thevenard,133.64,-32.15,-24.457279626794,1.76832696651025,2.20081163742567
Thule,-68,76,11.9042474360337,0.741833800690715,0.653524069492359
Tofino,-125.917,49.15,29.4407320773712,1.26245299091902,0.890777588259791
Townsville,146.833,-19.25,4.94095645862018,0.584542237362199,0.555660259931889
Toyama,137.217,36.767,28.6747043361328,0.50088694283351,0.357259092917706
Tregde,7.567,58,6.20132366370646,1.10834895774936,1.03961665155601
Trieste,13.75793889,45.64939167,-3.47710270822481,1.1608871234621,1.20125236107143
Valencia,-0.31,39.44,18.7082972359397,0.510273061055134,0.414809660078011
Valparaiso,-71.6277777777778,-33.0277777777778,59.9179739075745,0.445487130402176,0.178560267846198
Vardo,31.1,70.333,15.1673142030496,0.955114846552139,0.810249576775601
Venezia,12.42652778,45.41821944,15.2072527994979,1.4067509053614,1.19282273892386
Vigo,-8.73,42.24,31.2158877014224,0.886615887511564,0.609850867722984
Viker,10.949769,59.036046,10.8533234077218,1.41236062739708,1.25907256082234
Villagarcia,-8.77,42.6,39.6187053678325,1.04615928764953,0.631684521797446
Virginia Key,-80.162,25.732,59.5713992617379,0.776651019222256,0.313989139691009
Vung Tau,107.072,10.34,39.6754751614433,0.774058279376235,0.466946979007221
Wakkanai,141.683,45.4,16.9448234051487,0.694084242394811,0.576472893238046
Wellington,174.783,-41.283,3.05177126118134,0.542710106754789,0.526147835685319
Whitby,-0.614694,54.49,12.9674149711924,1.95952179993156,1.70542247668346
Wick,-3.086389,58.440972,11.036664748236,1.48480425746908,1.32093138940468
Yakutat,-139.735,59.547,18.139724233253,0.94018013288163,0.769634049481071
Zanzibar,39.19,-6.155,21.5134811115678,0.2861454706331,0.224585618856842
