panel,t,z50
4a,0,0.649352825799347
4a,0.005,0.648571941486766
4a,0.01,0.64793431715886
4a,0.015,0.647442293512335
4a,0.02,0.647097577573589
4a,0.025,0.646901236193544
4a,0.03,0.646853692127009
4a,0.035,0.646954722711751
4a,0.04,0.647203461152159
4a,0.045,0.647598400402018
4a,0.05,0.648137399630631
4a,0.055,0.648817693246247
4a,0.06,0.649635902440618
4a,0.065,0.650588049208505
4a,0.07,0.651669572786134
4a,0.075,0.652875348442979
4a,0.08,0.654199708551948
4a,0.085,0.655636465853976
4a,0.09,0.657178938824316
4a,0.095,0.658819979039498
4a,0.1,0.660552000435957
4a,0.105,0.662367010343829
4a,0.11,0.664256642172356
4a,0.115,0.666212189616783
4a,0.12,0.668224642250568
4a,0.125,0.670284722361237
4a,0.13,0.672382922883229
4a,0.135,0.674509546276751
4a,0.14,0.676654744197843
4a,0.145,0.67880855780173
4a,0.15,0.680960958518975
4a,0.155,0.683101889142058
4a,0.16,0.685221305058739
4a,0.165,0.687309215467964
4a,0.17,0.68935572441408
4a,0.175,0.691351071475858
4a,0.18,0.693285671948103
4a,0.185,0.695150156355659
4a,0.19,0.696935409142173
4a,0.195,0.698632606379269
4a,0.2,0.700233252345576
4a,0.205,0.701729214829532
4a,0.21,0.703112759014888
4a,0.215,0.7043765798134
4a,0.22,0.705513832515346
4a,0.225,0.706518161635089
4a,0.23,0.70738372783604
4a,0.235,0.708105232826953
4a,0.24,0.708677942129461
4a,0.245,0.709097705625162
4a,0.25,0.709360975799347
4a,0.255,0.709464823607505
4a,0.26,0.709406951900164
4a,0.265,0.709185706351237
4a,0.27,0.708800083844908
4a,0.275,0.708249738286125
4a,0.28,0.707534983809939
4a,0.285,0.706656795375211
4a,0.29,0.705616806738524
4a,0.295,0.704417305814506
4a,0.3,0.703061227439092
4a,0.305,0.701552143562502
4a,0.31,0.699894250908913
4a,0.315,0.698092356149759
4a,0.32,0.696151858647493
4a,0.325,0.694078730836198
4a,0.33,0.691879496314825
4a,0.335,0.689561205737861
4a,0.34,0.687131410596966
4a,0.345,0.684598134995464
4a,0.35,0.681969845525525
4a,0.355,0.679255419365395
4a,0.36,0.676464110721084
4a,0.365,0.673605515743505
4a,0.37,0.670689536058087
4a,0.375,0.667726341049421
4a,0.38,0.664726329048438
4a,0.385,0.661700087573983
4a,0.39,0.658658352784451
4a,0.395,0.655611968298264
4a,0.4,0.65257184354456
4a,0.405,0.649548911807307
4a,0.41,0.646554088127357
4a,0.415,0.64359822722754
4a,0.42,0.640692081625853
4a,0.425,0.63784626010112
4a,0.43,0.635071186674149
4a,0.435,0.632377060265434
4a,0.44,0.629773815187817
4a,0.445,0.627271082629309
4a,0.45,0.62487815327739
4a,0.455,0.622603941231668
4a,0.46,0.620456949346754
4a,0.465,0.618445236141596
4a,0.47,0.616576384405428
4a,0.475,0.614857471623808
4a,0.48,0.613295042341125
4a,0.485,0.611895082568354
4a,0.49,0.610662996336823
4a,0.495,0.609603584490351
4a,0.5,0.608721025799347
4a,0.505,0.608018860471319
4a,0.51,0.607499976122895
4a,0.515,0.607166596268758
4a,0.52,0.607020271373035
4a,0.525,0.607061872498642
4a,0.53,0.60729158757986
4a,0.535,0.607708920333153
4a,0.54,0.608312691810857
4a,0.545,0.609101044592011
4a,0.55,0.610071449594263
4a,0.555,0.611220715480445
4a,0.56,0.612545000623299
4a,0.565,0.614039827581725
4a,0.57,0.615700100032117
4a,0.575,0.617520122088686
4a,0.58,0.619493619937303
4a,0.585,0.621613765698324
4a,0.59,0.623873203425101
4a,0.595,0.626264077136508
4a,0.6,0.62877806077385
4a,0.605,0.631406389964937
4a,0.61,0.634139895471072
4a,0.615,0.636969038186061
4a,0.62,0.639883945550303
4a,0.625,0.642874449237457
4a,0.63,0.645930123966226
4a,0.635,0.649040327285371
4a,0.64,0.652194240176294
4a,0.645,0.655380908314328
4a,0.65,0.658589283827311
4a,0.655,0.661808267388087
4a,0.66,0.665026750476323
4a,0.665,0.668233657644357
4a,0.67,0.671417988621834
4a,0.675,0.67456886009455
4a,0.68,0.677675546994227
4a,0.685,0.68072752313791
4a,0.69,0.683714501058271
4a,0.695,0.686626470869314
4a,0.7,0.689453738015798
4a,0.705,0.692186959759148
4a,0.71,0.694817180257602
4a,0.715,0.697335864103908
4a,0.72,0.699734928190018
4a,0.725,0.702006771774798
4a,0.73,0.704144304637911
4a,0.735,0.706140973210583
4a,0.74,0.707990784581942
4a,0.745,0.709688328288034
4a,0.75,0.711228795799347
4a,0.755,0.712607997631798
4a,0.76,0.713822378015468
4a,0.765,0.714869027065057
4a,0.77,0.715745690405856
4a,0.775,0.716450776219077
4a,0.78,0.71698335968058
4a,0.785,0.717343184777272
4a,0.79,0.717530663495848
4a,0.795,0.717546872388852
4a,0.8,0.717393546533402
4a,0.805,0.717073070908193
4a,0.81,0.716588469224558
4a,0.815,0.715943390257399
4a,0.82,0.715142091731644
4a,0.825,0.714189421829525
4a,0.83,0.713090798393311
4a,0.835,0.711852185907226
4a,0.84,0.710480070351005
4a,0.845,0.708981432025918
4a,0.85,0.707363716462056
4a,0.855,0.705634803523227
4a,0.86,0.703802974832876
4a,0.865,0.701876879651039
4a,0.87,0.69986549933843
4a,0.875,0.697778110549273
4a,0.88,0.695624247299495
4a,0.885,0.693413662061283
4a,0.89,0.691156286038801
4a,0.895,0.688862188783065
4a,0.9,0.686541537306541
4a,0.905,0.684204554859936
4a,0.91,0.681861479534968
4a,0.915,0.679522522857526
4a,0.92,0.67719782853562
4a,0.925,0.67489743152586
4a,0.93,0.672631217580909
4a,0.935,0.670408883438386
4a,0.94,0.668239897809127
4a,0.945,0.666133463319496
4a,0.95,0.664098479558625
4a,0.955,0.662143507377039
4a,0.96,0.660276734578144
4a,0.965,0.658505943138484
4a,0.97,0.656838478086595
4a,0.975,0.655281218163693
4a,0.98,0.653840548382311
4a,0.985,0.652522334591497
4a,0.99,0.651331900149162
4a,0.995,0.650274004793841
4a,1,0.649352825799347
4a,1.005,0.648571941486766
4a,1.01,0.64793431715886
4a,1.015,0.647442293512335
4a,1.02,0.647097577573589
4a,1.025,0.646901236193544
4a,1.03,0.646853692127008
4a,1.035,0.646954722711751
4a,1.04,0.647203461152159
4a,1.045,0.647598400402018
4a,1.05,0.648137399630631
4a,1.055,0.648817693246247
4a,1.06,0.649635902440618
4a,1.065,0.650588049208505
4a,1.07,0.651669572786134
4a,1.075,0.652875348442979
4a,1.08,0.654199708551948
4a,1.085,0.655636465853976
4a,1.09,0.657178938824316
4a,1.095,0.658819979039498
4a,1.1,0.660552000435957
4b,0,0.565045193094208
4b,0.005,0.563590051569858
4b,0.01,0.562054367306183
4b,0.015,0.560444559866218
4b,0.02,0.558766881147316
4b,0.025,0.55702739080772
4b,0.03,0.55523193290586
4b,0.035,0.55338611384405
4b,0.04,0.551495281702617
4b,0.045,0.549564507044585
4b,0.05,0.547598565264785
4b,0.055,0.545601920550727
4b,0.06,0.543578711515747
4b,0.065,0.541532738557938
4b,0.07,0.539467452991095
4b,0.075,0.537385947986504
4b,0.08,0.535290951356817
4b,0.085,0.533184820205566
4b,0.09,0.531069537458087
4b,0.095,0.52894671028179
4b,0.1,0.526817570395847
4b,0.105,0.524682976262506
4b,0.11,0.522543417144426
4b,0.115,0.520399019004673
4b,0.12,0.518249552218366
4b,0.125,0.516094441057429
4b,0.13,0.513932774902563
4b,0.135,0.511763321129364
4b,0.14,0.509584539608546
4b,0.145,0.507394598753563
4b,0.15,0.505191393042429
4b,0.155,0.502972561934445
4b,0.16,0.500735510096707
4b,0.165,0.498477428849795
4b,0.17,0.49619531873696
4b,0.175,0.493886013116398
4b,0.18,0.491546202671911
4b,0.185,0.489172460733348
4b,0.19,0.486761269294831
4b,0.195,0.484309045615712
4b,0.2,0.481812169286771
4b,0.205,0.479267009642045
4b,0.21,0.476669953395178
4b,0.215,0.474017432378077
4b,0.22,0.471305951259107
4b,0.225,0.46853211511798
4b,0.23,0.465692656754896
4b,0.235,0.462784463612456
4b,0.24,0.459804604190236
4b,0.245,0.45675035383383
4b,0.25,0.453619219782571
4b,0.255,0.450408965362942
4b,0.26,0.44711763321806
4b,0.265,0.443743567467311
4b,0.27,0.44028543469447
4b,0.275,0.436742243667184
4b,0.28,0.433113363695745
4b,0.285,0.429398541544431
4b,0.29,0.42559791681445
4b,0.295,0.421712035723572
4b,0.3,0.417741863213936
4b,0.305,0.413688793326159
4b,0.31,0.409554657784828
4b,0.315,0.40534173274756
4b,0.32,0.401052743677237
4b,0.325,0.396690868304477
4b,0.33,0.392259737655143
4b,0.335,0.387763435125418
4b,0.34,0.383206493594888
4b,0.345,0.378593890575958
4b,0.35,0.373931041405879
4b,0.355,0.369223790495597
4b,0.36,0.364478400657483
4b,0.365,0.359701540541861
4b,0.37,0.354900270219898
4b,0.375,0.350082024958023
4b,0.38,0.345254597236418
4b,0.385,0.340426117071343
4b,0.39,0.335605030708008
4b,0.395,0.330800077757457
4b,0.4,0.326020266857359
4b,0.405,0.321274849942737
4b,0.41,0.316573295218492
4b,0.415,0.31192525893101
4b,0.42,0.307340556041262
4b,0.425,0.302829129906444
4b,0.43,0.298401021081522
4b,0.435,0.294066335355862
4b,0.44,0.289835211143531
4b,0.445,0.285717786348787
4b,0.45,0.28172416483073
4b,0.455,0.27786438259309
4b,0.46,0.274148373826585
4b,0.465,0.270585936932289
4b,0.47,0.267186700654955
4b,0.475,0.263960090455186
4b,0.48,0.260915295248877
4b,0.485,0.258061234641284
4b,0.49,0.255406526781601
4b,0.495,0.252959456961868
4b,0.5,0.250727947081585
4b,0.505,0.248719526096388
4b,0.51,0.246941301565728
4b,0.515,0.245399932410603
4b,0.52,0.244101602988041
4b,0.525,0.243051998584329
4b,0.53,0.242256282423768
4b,0.535,0.241719074284276
4b,0.54,0.241444430805189
4b,0.545,0.241435827566444
4b,0.55,0.241696143011751
4b,0.555,0.242227644281516
4b,0.56,0.243031975014217
4b,0.565,0.244110145167569
4b,0.57,0.245462522903298
4b,0.575,0.24708882857163
4b,0.58,0.248988130823733
4b,0.585,0.25115884487238
4b,0.59,0.253598732913043
4b,0.595,0.256304906709519
4b,0.6,0.25927383234003
4b,0.605,0.262501337091658
4b,0.61,0.265982618482835
4b,0.615,0.269712255385659
4b,0.62,0.27368422121184
4b,0.625,0.277891899118363
4b,0.63,0.282328099181312
4b,0.635,0.286985077478891
4b,0.64,0.291854557017529
4b,0.645,0.296927750427961
4b,0.65,0.302195384351567
4b,0.655,0.307647725430897
4b,0.66,0.313274607812248
4b,0.665,0.319065462062551
4b,0.67,0.325009345397481
4b,0.675,0.331094973112837
4b,0.68,0.33731075110675
4b,0.685,0.343644809376212
4b,0.69,0.350085036367841
4b,0.695,0.356619114059647
4b,0.7,0.363234553647884
4b,0.705,0.369918731710923
4b,0.71,0.376658926720361
4b,0.715,0.383442355768415
4b,0.72,0.390256211379954
4b,0.725,0.397087698277341
4b,0.73,0.403924069966604
4b,0.735,0.410752665014261
4b,0.74,0.417560942885477
4b,0.745,0.424336519216077
4b,0.75,0.431067200393222
4b,0.755,0.437741017322396
4b,0.76,0.444346258261612
4b,0.765,0.450871500607453
4b,0.77,0.457305641521757
4b,0.775,0.463637927292352
4b,0.78,0.469857981326211
4b,0.785,0.475955830678826
4b,0.79,0.481921931029328
4b,0.795,0.487747190016983
4b,0.8,0.493422988861112
4b,0.805,0.498941202193182
4b,0.81,0.504294216036792
4b,0.815,0.509474943878517
4b,0.82,0.514476840779955
4b,0.825,0.519293915488974
4b,0.83,0.523920740515891
4b,0.835,0.528352460148221
4b,0.84,0.532584796385566
4b,0.845,0.536614052784318
4b,0.85,0.540437116209828
4b,0.855,0.544051456501824
4b,0.86,0.54745512406684
4b,0.865,0.550646745419391
4b,0.87,0.55362551670148
4b,0.875,0.55639119521777
4b,0.88,0.558944089031291
4b,0.885,0.561285044671987
4b,0.89,0.563415433017501
4b,0.895,0.565337133412603
4b,0.9,0.567052516100229
4b,0.905,0.568564423043504
4b,0.91,0.569876147224137
4b,0.915,0.570991410508228
4b,0.92,0.571914340175882
4b,0.925,0.572649444215905
4b,0.93,0.573201585491401
4b,0.935,0.573575954886162
4b,0.94,0.573778043545381
4b,0.945,0.573813614327438
4b,0.95,0.573688672586199
4b,0.955,0.573409436405526
4b,0.96,0.57298230640946
4b,0.965,0.572413835272803
4b,0.97,0.571710697057568
4b,0.975,0.570879656501078
4b,0.98,0.569927538381207
4b,0.985,0.568861197083583
4b,0.99,0.567687486494271
4b,0.995,0.56641323033981
4b,1,0.565045193094208
4b,1.005,0.563590051569858
4b,1.01,0.562054367306183
4b,1.015,0.560444559866218
4b,1.02,0.558766881147316
4b,1.025,0.55702739080772
4b,1.03,0.55523193290586
4b,1.035,0.55338611384405
4b,1.04,0.551495281702617
4b,1.045,0.549564507044585
4b,1.05,0.547598565264785
4b,1.055,0.545601920550727
4b,1.06,0.543578711515747
4b,1.065,0.541532738557938
4b,1.07,0.539467452991095
4b,1.075,0.537385947986504
4b,1.08,0.535290951356817
4b,1.085,0.533184820205566
4b,1.09,0.531069537458087
4b,1.095,0.52894671028179
4b,1.1,0.526817570395847
4c,0,0.174561484139797
4c,0.005,0.172539401498496
4c,0.01,0.170686901120998
4c,0.015,0.169002235451981
4c,0.02,0.16748337061215
4c,0.025,0.166128002993601
4c,0.03,0.1649335765401
4c,0.035,0.16389730063603
4c,0.04,0.163016168525677
4c,0.045,0.162286976182875
4c,0.05,0.161706341549624
4c,0.055,0.161270724061235
4c,0.06,0.160976444374868
4c,0.065,0.160819704217911
4c,0.07,0.160796606272611
4c,0.075,0.160903174013655
4c,0.08,0.161135371416012
4c,0.085,0.161489122451288
4c,0.09,0.161960330292148
4c,0.095,0.162544896145918
4c,0.1,0.163238737640416
4c,0.105,0.164037806687278
4c,0.11,0.164938106750538
4c,0.115,0.165935709451043
4c,0.12,0.167026770440357
4c,0.125,0.168207544481128
4c,0.13,0.169474399674505
4c,0.135,0.170823830778994
4c,0.14,0.172252471569198
4c,0.145,0.173757106187112
4c,0.15,0.175334679443103
4c,0.155,0.176982306028246
4c,0.16,0.178697278604509
4c,0.165,0.180477074744079
4c,0.17,0.182319362694153
4c,0.175,0.184222005948581
4c,0.18,0.186183066612879
4c,0.185,0.18820080755434
4c,0.19,0.19027369333418
4c,0.195,0.192400389923882
4c,0.2,0.194579763213135
4c,0.205,0.196810876321893
4c,0.21,0.199092985734268
4c,0.215,0.201425536276951
4c,0.22,0.203808154969844
4c,0.225,0.206240643781401
4c,0.23,0.208722971325871
4c,0.235,0.211255263544169
4c,0.24,0.213837793414487
4c,0.245,0.216470969742899
4c,0.25,0.219155325088212
4c,0.255,0.221891502879032
4c,0.26,0.22468024378454
4c,0.265,0.227522371403691
4c,0.27,0.230418777340574
4c,0.275,0.233370405736347
4c,0.28,0.236378237330572
4c,0.285,0.23944327312693
4c,0.29,0.242566517740056
4c,0.295,0.245748962501767
4c,0.3,0.248991568406113
4c,0.305,0.252295248973521
4c,0.31,0.255660853114838
4c,0.315,0.259089148076243
4c,0.32,0.262580802545878
4c,0.325,0.26613637000253
4c,0.33,0.269756272385925
4c,0.335,0.273440784167038
4c,0.34,0.277190016895349
4c,0.345,0.281003904298231
4c,0.35,0.284882188005532
4c,0.355,0.288824403970043
4c,0.36,0.292829869651847
4c,0.365,0.296897672031583
4c,0.37,0.30102665651443
4c,0.375,0.30521541678308
4c,0.38,0.309462285654295
4c,0.385,0.313765326989596
4c,0.39,0.318122328706514
4c,0.395,0.322530796932406
4c,0.4,0.326987951338299
4c,0.405,0.331490721685495
4c,0.41,0.336035745612801
4c,0.415,0.34061936768726
4c,0.42,0.345237639736162
4c,0.425,0.34988632247293
4c,0.43,0.354560888424247
4c,0.435,0.359256526160479
4c,0.44,0.363968145826172
4c,0.445,0.368690385962069
4c,0.45,0.373417621604819
4c,0.455,0.378143973645293
4c,0.46,0.382863319421264
4c,0.465,0.387569304515066
4c,0.47,0.392255355721896
4c,0.475,0.396914695149519
4c,0.48,0.401540355405422
4c,0.485,0.406125195822888
4c,0.49,0.410661919673076
4c,0.495,0.415143092306007
4c,0.5,0.419561160159376
4c,0.505,0.423908470570364
4c,0.51,0.428177292322138
4c,0.515,0.432359836853467
4c,0.52,0.436448280056949
4c,0.525,0.440434784588617
4c,0.53,0.444311522609359
4c,0.535,0.448070698876468
4c,0.54,0.451704574101902
4c,0.545,0.455205488492357
4c,0.55,0.458565885385194
4c,0.555,0.461778334893413
4c,0.56,0.464835557472488
4c,0.565,0.467730447321699
4c,0.57,0.470456095532908
4c,0.575,0.473005812900205
4c,0.58,0.475373152304841
4c,0.585,0.477551930591046
4c,0.59,0.479536249849927
4c,0.595,0.481320518030519
4c,0.6,0.482899468799286
4c,0.605,0.484268180571872
4c,0.61,0.485422094643712
4c,0.615,0.486357032349248
4c,0.62,0.487069211182828
4c,0.625,0.487555259818045
4c,0.63,0.487812231966146
4c,0.635,0.48783761901828
4c,0.64,0.487629361420674
4c,0.645,0.48718585873641
4c,0.65,0.486505978352167
4c,0.655,0.48558906279322
4c,0.66,0.484434935615011
4c,0.665,0.483043905844794
4c,0.67,0.481416770952121
4c,0.675,0.479554818332319
4c,0.68,0.477459825292528
4c,0.685,0.475134057535351
4c,0.69,0.472580266140693
4c,0.695,0.469801683051823
4c,0.7,0.46680201507725
4c,0.705,0.463585436425384
4c,0.71,0.460156579794395
4c,0.715,0.456520526044966
4c,0.72,0.452682792488838
4c,0.725,0.448649319831142
4c,0.73,0.444426457809451
4c,0.735,0.440020949577256
4c,0.74,0.435439914884183
4c,0.745,0.430690832109661
4c,0.75,0.425781519210962
4c,0.755,0.420720113650454
4c,0.76,0.415515051370671
4c,0.765,0.410175044889208
4c,0.77,0.404709060588673
4c,0.775,0.399126295279782
4c,0.78,0.393436152118315
4c,0.785,0.387648215958918
4c,0.79,0.381772228230712
4c,0.795,0.375818061421347
4c,0.8,0.369795693257416
4c,0.805,0.363715180670177
4c,0.81,0.357586633636153
4c,0.815,0.351420188982493
4c,0.82,0.345225984246949
4c,0.825,0.339014131681956
4c,0.83,0.332794692491569
4c,0.835,0.326577651388975
4c,0.84,0.320372891560923
4c,0.845,0.314190170123679
4c,0.85,0.308039094153111
4c,0.855,0.301929097369152
4c,0.86,0.29586941755225
4c,0.865,0.289869074766472
4c,0.87,0.283936850460731
4c,0.875,0.278081267516093
4c,0.88,0.272310571303399
4c,0.885,0.266632711811476
4c,0.89,0.261055326901961
4c,0.895,0.255585726742418
4c,0.9,0.250230879464777
4c,0.905,0.244997398091385
4c,0.91,0.239891528766025
4c,0.915,0.234919140322213
4c,0.92,0.230085715215911
4c,0.925,0.225396341844516
4c,0.93,0.220855708268693
4c,0.935,0.216468097348176
4c,0.94,0.212237383297302
4c,0.945,0.208167029660571
4c,0.95,0.204260088703143
4c,0.955,0.200519202205776
4c,0.96,0.196946603648419
4c,0.965,0.193544121761363
4c,0.97,0.190313185417769
4c,0.975,0.187254829836285
4c,0.98,0.184369704057603
4c,0.985,0.181658079654033
4c,0.99,0.179119860626601
4c,0.995,0.176754594439779
4c,1,0.174561484139797
4c,1.005,0.172539401498496
4c,1.01,0.170686901120998
4c,1.015,0.169002235451981
4c,1.02,0.16748337061215
4c,1.025,0.166128002993601
4c,1.03,0.1649335765401
4c,1.035,0.16389730063603
4c,1.04,0.163016168525677
4c,1.045,0.162286976182875
4c,1.05,0.161706341549624
4c,1.055,0.161270724061235
4c,1.06,0.160976444374868
4c,1.065,0.160819704217911
4c,1.07,0.160796606272611
4c,1.075,0.160903174013655
4c,1.08,0.161135371416012
4c,1.085,0.161489122451288
4c,1.09,0.161960330292148
4c,1.095,0.162544896145918
4c,1.1,0.163238737640416
