panel,date,t,value
4a,1993-01-27 01:30:00,0.0740930869267625,0.433944821357727
4a,1993-02-07 18:00:00,0.106091718001369,0.517551243305206
4a,1993-03-13 15:00:00,0.201574264202601,0.839152872562408
4a,1993-04-05 13:30:00,0.264373716632444,0.39302396774292
4a,1993-05-21 13:30:00,0.39031485284052,0.281313210725784
4a,1993-06-15 01:30:00,0.457392197125257,0.28658926486969
4a,1993-07-28 01:30:00,0.575119780971937,0.201365292072296
4a,1993-08-24 06:00:00,0.649555099247091,0.249885275959969
4a,1993-09-20 10:30:00,0.723990417522245,0.290646255016327
4a,1993-10-24 01:30:00,0.816050650239562,0.403474032878876
4a,1993-11-27 13:30:00,0.910506502395619,0.408173441886902
4a,1993-12-14 22:30:00,0.95807665982204,0.297701269388199
4a,1994-01-04 04:30:00,0.0114647501711157,0.346987247467041
4a,1994-02-23 04:30:00,0.148357289527721,0.235137552022934
4a,1994-03-27 04:30:00,0.23870636550308,0.237612590193748
4a,1994-04-24 01:30:00,0.315023956194387,0.302651137113571
4a,1994-05-21 12:00:00,0.390143737166324,0.400279939174652
4a,1994-06-05 01:30:00,0.430013689253936,0.202727675437927
4a,1994-07-20 15:00:00,0.554757015742642,0.074502557516098
4a,1994-08-09 01:30:00,0.607973990417522,0.294779002666473
4a,1994-09-21 16:30:00,0.72741273100616,0.275789260864258
4a,1994-10-13 04:30:00,0.7862765229295,0.566404700279236
4a,1994-11-11 22:30:00,0.86772758384668,0.414066791534424
4a,1994-12-24 13:30:00,0.984428473648186,0.386296272277832
4a,1995-01-20 01:30:00,0.0549281314168378,0.364591956138611
4a,1995-02-21 00:00:00,0.142368240930869,0.23966658115387
4a,1995-03-19 13:30:00,0.217830253251198,0.293942600488663
4a,1995-04-06 15:00:00,0.267282683093771,0.408409118652344
4a,1995-05-20 21:00:00,0.388432580424367,0.297001510858536
4a,1995-06-06 04:30:00,0.433093771389459,0.428447484970093
4a,1995-07-21 01:30:00,0.555954825462012,0.257802307605743
4a,1995-08-02 15:00:00,0.590349075975359,0.354032099246979
4a,1995-09-29 04:30:00,0.747946611909651,0.354109227657318
4a,1995-10-01 04:30:00,0.753422313483915,0.325459837913513
4a,1995-11-11 13:30:00,0.866700889801506,0.192891955375671
4a,1995-12-09 00:00:00,0.941820670773443,0.22768560051918
4a,1996-01-02 13:30:00,0.00701574264202601,0.348271071910858
4a,1996-02-03 04:30:00,0.0936002737850787,0.378627121448517
4a,1996-03-19 12:00:00,0.217659137577002,0.434846043586731
4a,1996-04-01 06:00:00,0.252566735112936,0.31782990694046
4a,1996-05-31 06:00:00,0.416837782340862,0.320532023906708
4a,1996-06-27 10:30:00,0.491273100616016,0.264134496450424
4a,1996-07-12 06:00:00,0.531827515400411,0.478351175785065
4a,1996-08-31 04:30:00,0.66854893908282,0.304204106330872
4a,1996-09-05 09:00:00,0.682751540041068,0.341075599193573
4a,1996-10-08 07:30:00,0.772929500342231,0.873640537261963
4a,1996-11-21 13:30:00,0.894079397672827,0.362579762935638
4a,1996-12-17 13:30:00,0.965263518138262,0.235528826713562
4a,1997-01-09 13:30:00,0.0261806981519507,0.288364291191101
4a,1997-02-13 22:30:00,0.123032169746749,0.414609432220459
4a,1997-03-14 01:30:00,0.202772073921971,0.284978181123734
4a,1997-04-27 13:30:00,0.32460643394935,0.293573826551437
4a,1997-05-28 06:00:00,0.408624229979466,0.383918881416321
4a,1997-06-06 16:30:00,0.434462696783025,0.510439395904541
4a,1997-07-03 13:30:00,0.508042436687201,0.235590860247612
4a,1997-08-28 10:30:00,0.661019849418207,0.254902184009552
4a,1997-09-02 04:30:00,0.674024640657084,0.246544897556305
4a,1997-10-19 04:30:00,0.802703627652293,0.362484335899353
4a,1997-11-09 13:30:00,0.861225188227242,0.267404735088348
4a,1997-12-29 15:00:00,0.998288843258042,0.429213225841522
4a,1998-01-27 15:00:00,0.0756331279945243,0.423564851284027
4a,1998-02-03 12:00:00,0.0944558521560575,0.642825722694397
4a,1998-03-08 10:30:00,0.187371663244353,0.26102602481842
4a,1998-04-06 01:30:00,0.26574264202601,0.272150754928589
4a,1998-05-15 01:30:00,0.372518822724162,0.349044770002365
4a,1998-06-15 06:00:00,0.457905544147844,0.168007165193558
4a,1998-07-12 19:30:00,0.533367556468172,0.302923738956451
4a,1998-08-26 06:00:00,0.655030800821355,0.368024528026581
4a,1998-09-24 04:30:00,0.73425735797399,0.345388323068619
4a,1998-10-17 12:00:00,0.798083504449008,0.238760426640511
4a,1998-11-06 00:00:00,0.851471594798084,0.363702833652496
4a,1998-12-15 10:30:00,0.959445585215606,0.272911310195923
4a,1999-01-31 19:30:00,0.08709787816564,0.341735482215881
4a,1999-02-01 04:30:00,0.0881245722108145,0.424607992172241
4a,1999-03-14 19:30:00,0.20482546201232,0.327688157558441
4a,1999-04-30 21:00:00,0.333675564681725,0.450061142444611
4a,1999-05-01 04:30:00,0.334531143052704,0.484555780887604
4a,1999-06-19 10:30:00,0.46937029431896,0.299057632684708
4a,1999-07-13 16:30:00,0.535763175906913,0.158757835626602
4a,1999-08-29 21:00:00,0.664955509924709,0.356217563152313
4a,1999-09-15 21:00:00,0.711498973305955,0.746435046195984
4a,1999-10-17 13:30:00,0.798254620123203,0.570603966712952
4a,1999-11-02 12:00:00,0.841889117043121,0.411293506622314
4a,1999-12-19 10:30:00,0.970396988364134,0.32764732837677
4a,2000-01-25 00:00:00,0.0684462696783025,0.413080453872681
4a,2000-02-14 00:00:00,0.123203285420945,0.203194588422775
4a,2000-03-20 13:30:00,0.22056810403833,0.416166961193085
4a,2000-04-21 01:30:00,0.306810403832991,0.285783320665359
4a,2000-05-16 13:30:00,0.37662559890486,0.246082842350006
4a,2000-06-01 01:30:00,0.419062286105407,0.208078354597092
4a,2000-07-08 01:30:00,0.520362765229295,0.214651614427567
4a,2000-08-30 06:00:00,0.665982203969884,0.234775692224503
4a,2000-09-07 06:00:00,0.68788501026694,0.378111720085144
4a,2000-10-01 04:30:00,0.753422313483915,0.411213636398315
4a,2000-11-06 13:30:00,0.853011635865845,0.289535343647003
4a,2000-12-29 01:30:00,0.996748802190281,0.397315800189972
4a,2001-01-13 22:30:00,0.0381587953456537,0.302191108465195
4a,2001-02-05 03:00:00,0.0989048596851472,0.229640319943428
4a,2001-03-20 16:30:00,0.220910335386721,0.741212487220764
4a,2001-04-05 12:00:00,0.264202600958248,0.255517661571503
4a,2001-05-08 06:00:00,0.353867214236824,0.344776779413223
4a,2001-06-19 15:00:00,0.469883641341547,0.140937358140945
4a,2001-07-22 06:00:00,0.559206023271732,0.33348086476326
4a,2001-08-01 04:30:00,0.586413415468857,0.279833793640137
4a,2001-09-16 04:30:00,0.712354551676934,0.471781194210052
4a,2001-10-02 04:30:00,0.756160164271047,0.216283082962036
4a,2001-11-15 16:30:00,0.877994524298426,0.337363243103027
4a,2001-12-10 13:30:00,0.946098562628337,0.256290793418884
4a,2002-01-03 04:30:00,0.00872689938398357,0.291424751281738
4a,2002-02-07 04:30:00,0.104551676933607,0.281967997550964
4a,2002-03-28 16:30:00,0.242813141683778,0.224516853690147
4a,2002-04-06 01:30:00,0.26574264202601,0.210055947303772
4a,2002-05-22 21:00:00,0.393908281998631,0.267498791217804
4a,2002-06-22 07:30:00,0.477241615331964,0.255052000284195
4a,2002-07-14 01:30:00,0.536789869952088,0.212985098361969
4a,2002-08-07 15:00:00,0.60403832991102,0.304916203022003
4a,2002-09-30 04:30:00,0.750684462696783,0.267502874135971
4a,2002-10-16 04:30:00,0.794490075290897,0.511121153831482
4a,2002-11-06 03:00:00,0.851813826146475,0.256396293640137
4a,2002-12-13 16:30:00,0.954654346338125,0.367185592651367
4a,2003-01-23 12:00:00,0.0643394934976044,0.212155491113663
4a,2003-02-27 04:30:00,0.159308692676249,0.290208995342255
4a,2003-03-20 07:30:00,0.219883641341547,0.362085223197937
4a,2003-04-10 06:00:00,0.277207392197125,0.357280969619751
4a,2003-05-05 06:00:00,0.345653661875428,0.359813779592514
4a,2003-06-22 01:30:00,0.476557152635181,0.223838061094284
4a,2003-07-02 06:00:00,0.50444900752909,0.162069469690323
4a,2003-08-21 01:30:00,0.640828199863107,0.116076469421387
4a,2003-09-12 04:30:00,0.701403148528405,0.312824010848999
4a,2003-10-14 13:30:00,0.790041067761807,0.248656883835793
4a,2003-11-10 04:30:00,0.862936344969199,0.295652031898499
4a,2003-12-04 16:30:00,0.930013689253936,0.349107414484024
4a,2004-01-26 00:00:00,0.0711841204654346,0.282483220100403
4a,2004-02-26 09:00:00,0.157084188911704,0.570697546005249
4a,2004-03-31 16:30:00,0.251026694045175,0.271964311599731
4a,2004-04-13 16:30:00,0.286618754277892,0.302440315485001
4a,2004-05-30 10:30:00,0.414613278576318,0.163519129157066
4a,2004-06-21 19:30:00,0.475872689938398,0.277598232030869
4a,2004-07-31 10:30:00,0.584360027378508,0.203952208161354
4a,2004-08-14 13:30:00,0.623032169746749,0.393100559711456
4a,2004-09-21 06:00:00,0.72621492128679,0.414408147335052
4a,2004-10-23 13:30:00,0.814681724845996,0.322760224342346
4a,2004-11-28 04:30:00,0.912217659137577,0.22944438457489
4a,2004-12-26 10:30:00,0.989561943874059,0.292868614196777
4a,2005-01-16 10:30:00,0.0450034223134839,0.214862763881683
4a,2005-02-28 07:30:00,0.162388774811773,0.665023744106293
4a,2005-03-28 04:30:00,0.241444216290212,0.493536055088043
4a,2005-04-15 06:00:00,0.290896646132786,0.351542860269547
4a,2005-05-06 03:00:00,0.348049281314168,0.308068662881851
4a,2005-06-20 01:30:00,0.471081451060917,0.312299281358719
4a,2005-07-25 04:30:00,0.567248459958932,0.188625112175941
4a,2005-08-26 04:30:00,0.65485968514716,0.298027992248535
4a,2005-09-07 06:00:00,0.68788501026694,0.427871763706207
4a,2005-10-06 04:30:00,0.767111567419576,0.558708250522614
4a,2005-11-21 18:00:00,0.894592744695414,0.213118836283684
4a,2005-12-15 13:30:00,0.959787816563997,0.284577429294586
4a,2006-01-07 00:00:00,0.0191649555099247,0.269608527421951
4a,2006-02-26 13:30:00,0.157597535934292,0.304655015468597
4a,2006-03-21 13:30:00,0.223305954825462,0.260124683380127
4a,2006-04-30 06:00:00,0.331964407939767,0.310513257980347
4a,2006-05-01 16:30:00,0.33590006844627,0.289016753435135
4a,2006-06-06 10:30:00,0.433778234086242,0.169906690716743
4a,2006-07-08 06:00:00,0.520876112251882,0.177823901176453
4a,2006-08-31 16:30:00,0.669917864476386,0.304726302623749
4a,2006-09-12 04:30:00,0.701403148528405,0.331671535968781
4a,2006-10-28 00:00:00,0.826830937713895,0.283046901226044
4a,2006-11-22 04:30:00,0.895790554414784,0.371682345867157
4a,2006-12-25 13:30:00,0.987166324435318,0.303793251514435
4a,2007-01-18 09:00:00,0.0503080082135524,0.214500248432159
4a,2007-02-02 10:30:00,0.0915468856947296,0.30290275812149
4a,2007-03-01 16:30:00,0.168891170431211,0.24058224260807
4a,2007-04-19 06:00:00,0.301848049281314,0.350687503814697
4a,2007-05-08 16:30:00,0.355065023956194,0.68430107831955
4a,2007-06-03 00:00:00,0.424366872005476,0.476791620254517
4a,2007-07-03 01:30:00,0.506673511293634,0.278640270233154
4a,2007-08-31 06:00:00,0.668720054757016,0.234343722462654
4a,2007-09-20 04:30:00,0.723305954825462,0.319021463394165
4a,2007-10-01 07:30:00,0.753764544832307,0.355020135641098
4a,2007-11-02 13:30:00,0.842060232717317,0.379508554935455
4a,2007-12-21 22:30:00,0.977241615331964,0.350270241498947
4a,2008-01-17 12:00:00,0.0479123887748118,0.350046336650848
4a,2008-02-13 07:30:00,0.121321013004791,0.234018087387085
4a,2008-03-07 19:30:00,0.185660506502396,0.246908709406853
4a,2008-04-23 15:00:00,0.313826146475017,0.306109309196472
4a,2008-05-11 18:00:00,0.363449691991786,0.342777192592621
4a,2008-06-19 01:30:00,0.468343600273785,0.272343814373016
4a,2008-07-18 18:00:00,0.549623545516769,0.223822951316833
4a,2008-08-22 04:30:00,0.643908281998631,0.378689825534821
4a,2008-09-05 22:30:00,0.68429158110883,0.478603661060333
4a,2008-10-24 18:00:00,0.817932922655715,0.404744923114777
4a,2008-11-05 13:30:00,0.850273785078713,0.219135969877243
4a,2008-12-11 18:00:00,0.949349760438056,0.152229025959969
4a,2009-01-13 12:00:00,0.0369609856262834,0.238504663109779
4a,2009-02-18 13:30:00,0.135694729637235,0.158691361546516
4a,2009-03-13 06:00:00,0.200547570157426,0.294340401887894
4a,2009-04-03 06:00:00,0.258042436687201,0.400543332099915
4a,2009-05-19 06:00:00,0.383983572895277,0.474637389183044
4a,2009-06-18 01:30:00,0.465605749486653,0.322857648134232
4a,2009-07-10 18:00:00,0.527720739219713,0.250414162874222
4a,2009-08-28 16:30:00,0.66170431211499,0.206967175006866
4a,2009-09-03 04:30:00,0.676762491444216,0.288446485996246
4a,2009-10-31 03:00:00,0.835386721423682,0.234427690505981
4a,2009-11-22 22:30:00,0.897843942505133,0.327500939369202
4a,2009-12-18 22:30:00,0.969028062970568,0.652662575244904
4a,2010-01-30 10:30:00,0.0833333333333333,0.391608774662018
4a,2010-02-13 09:00:00,0.121492128678987,0.479304134845734
4a,2010-03-02 19:30:00,0.171971252566735,0.409696340560913
4a,2010-04-19 06:00:00,0.301848049281314,0.230202734470367
4a,2010-05-26 16:30:00,0.404346338124572,0.355675637722015
4a,2010-06-17 13:30:00,0.464236824093087,0.122511193156242
4a,2010-07-31 18:00:00,0.585215605749487,0.22861585021019
4a,2010-08-15 06:00:00,0.624914442162902,0.271744191646576
4a,2010-09-02 18:00:00,0.675564681724846,0.286722898483276
4a,2010-10-03 04:30:00,0.758898015058179,0.272068113088608
4a,2010-11-04 13:30:00,0.847535934291581,0.340257585048676
4a,2010-12-26 13:30:00,0.98990417522245,0.403364062309265
4a,2011-01-10 22:30:00,0.0299452429842574,0.2836092710495
4a,2011-02-24 04:30:00,0.151095140314853,0.228883355855942
4a,2011-03-04 04:30:00,0.175735797399042,0.340527653694153
4a,2011-04-16 04:30:00,0.293463381245722,0.285906076431274
4a,2011-05-13 21:00:00,0.369267624914442,0.291708827018738
4a,2011-06-07 01:30:00,0.4354893908282,0.223402515053749
4a,2011-07-15 16:30:00,0.541238877481177,0.37396776676178
4a,2011-08-26 18:00:00,0.656399726214921,0.35856568813324
4a,2011-09-19 07:30:00,0.720910335386721,0.258802682161331
4a,2011-10-11 03:00:00,0.78062970568104,0.524612963199615
4a,2011-11-06 04:30:00,0.851984941820671,0.433910131454468
4a,2011-12-27 10:30:00,0.992299794661191,0.248396664857864
4a,2012-01-11 18:00:00,0.0321697467488022,0.211545705795288
4a,2012-02-19 16:30:00,0.138774811772758,0.260926485061646
4a,2012-03-27 16:30:00,0.240075290896646,0.253466248512268
4a,2012-04-07 01:30:00,0.268480492813142,0.370698153972626
4a,2012-05-27 12:00:00,0.406570841889117,0.441030919551849
4a,2012-06-27 10:30:00,0.491273100616016,0.421137034893036
4a,2012-07-13 06:00:00,0.534565366187543,0.126214027404785
4a,2012-08-27 06:00:00,0.657768651608487,0.204361736774445
4a,2012-09-13 04:30:00,0.704140999315537,0.229857489466667
4a,2012-10-27 16:30:00,0.825975359342916,0.513792753219604
4a,2012-11-06 19:30:00,0.853696098562628,0.336126804351807
4a,2012-12-07 04:30:00,0.936858316221766,0.209898412227631
4a,2013-01-19 00:00:00,0.0520191649555099,0.211332410573959
4a,2013-02-26 12:00:00,0.157426420260096,0.435206055641174
4a,2013-03-24 16:30:00,0.23186173853525,0.343046754598618
4a,2013-04-22 06:00:00,0.31006160164271,0.440955817699432
4a,2013-05-04 06:00:00,0.342915811088296,0.566448092460632
4a,2013-06-07 04:30:00,0.435831622176591,0.363466203212738
4a,2013-07-27 07:30:00,0.573066392881588,0.200148522853851
4a,2013-08-26 06:00:00,0.655030800821355,0.25730437040329
4a,2013-09-25 13:30:00,0.738021902806297,0.28862053155899
4a,2013-10-16 04:30:00,0.794490075290897,0.300034940242767
4a,2013-11-20 13:30:00,0.891341546885695,0.27194881439209
4a,2013-12-04 03:00:00,0.928473648186174,0.253099977970123
4a,2014-01-05 07:30:00,0.0145448323066393,0.260960578918457
4a,2014-02-12 22:30:00,0.120294318959617,0.371227085590363
4a,2014-03-06 22:30:00,0.183264887063655,0.383558571338654
4a,2014-04-19 04:30:00,0.301676933607118,0.33942836523056
4a,2014-05-31 19:30:00,0.418377823408624,0.205737769603729
4a,2014-06-01 06:00:00,0.419575633127995,0.315517067909241
4a,2014-07-03 13:30:00,0.508042436687201,0.349473774433136
4a,2014-08-25 06:00:00,0.652292950034223,0.39211118221283
4a,2014-09-20 07:30:00,0.723648186173854,0.322648644447327
4a,2014-10-31 16:30:00,0.836926762491444,0.26200258731842
4a,2014-11-11 07:30:00,0.866016427104723,0.288853287696838
4a,2014-12-09 07:30:00,0.942676249144422,0.350371241569519
4a,2015-01-24 00:00:00,0.0657084188911704,0.221007943153381
4a,2015-02-11 19:30:00,0.117214236824093,0.296212941408157
4a,2015-03-24 06:00:00,0.23066392881588,0.344025403261185
4a,2015-04-30 06:00:00,0.331964407939767,0.357883274555206
4a,2015-05-08 06:00:00,0.353867214236824,0.303400278091431
4a,2015-06-07 19:30:00,0.437542778918549,0.201908767223358
4a,2015-07-25 19:30:00,0.56895961670089,0.29684767127037
4a,2015-08-31 06:00:00,0.668720054757016,0.280486345291138
4a,2015-09-24 06:00:00,0.734428473648186,0.40362823009491
4a,2015-10-04 06:00:00,0.761806981519507,0.585813522338867
4a,2015-11-09 04:30:00,0.860198494182067,0.352143108844757
4a,2015-12-05 06:00:00,0.931553730321697,0.150796502828598
4a,2016-01-08 04:30:00,0.0224161533196441,0.324909567832947
4a,2016-02-16 07:30:00,0.129534565366188,0.252575099468231
4a,2016-03-19 04:30:00,0.216803559206023,0.27700400352478
4a,2016-04-15 16:30:00,0.292094455852156,0.37863564491272
4a,2016-05-01 06:00:00,0.334702258726899,0.271188259124756
4a,2016-06-19 06:00:00,0.468856947296372,0.341238737106323
4a,2016-07-23 07:30:00,0.56211498973306,0.10265239328146
4a,2016-08-04 18:00:00,0.596167008898015,0.238744050264359
4a,2016-09-02 18:00:00,0.675564681724846,0.44387423992157
4a,2016-10-08 06:00:00,0.772758384668036,1.3594024181366
4a,2016-11-05 07:30:00,0.84958932238193,0.292991578578949
4a,2016-12-06 09:00:00,0.934633812457221,0.228763431310654
4a,2017-01-23 04:30:00,0.0634839151266256,0.376699984073639
4a,2017-02-23 18:00:00,0.149897330595483,0.281293094158173
4a,2017-03-31 04:30:00,0.249657768651608,0.288962244987488
4a,2017-04-24 16:30:00,0.316735112936345,0.306848764419556
4a,2017-05-05 06:00:00,0.345653661875428,0.403980493545532
4a,2017-06-08 18:00:00,0.440109514031485,0.358818888664246
4a,2017-07-31 19:30:00,0.585386721423682,0.302471220493317
4a,2017-08-28 07:30:00,0.660677618069815,0.430149018764496
4a,2017-09-11 19:30:00,0.700376454483231,0.966915607452393
4a,2017-10-17 13:30:00,0.798254620123203,0.307552754878998
4a,2017-11-11 07:30:00,0.866016427104723,0.333731472492218
4a,2017-12-09 09:00:00,0.942847364818617,0.353616893291473
4a,2018-01-04 00:00:00,0.0109514031485284,0.211014062166214
4a,2018-02-27 18:00:00,0.160848733744011,0.278335094451904
4a,2018-03-06 19:30:00,0.182922655715264,0.398987948894501
4a,2018-04-24 00:00:00,0.314852840520192,0.449013829231262
4a,2018-05-08 19:30:00,0.355407255304586,0.188490375876427
4a,2018-06-06 19:30:00,0.434804928131417,0.250503361225128
4a,2018-07-09 06:00:00,0.523613963039014,0.204780116677284
4a,2018-08-25 04:30:00,0.652121834360027,0.284053534269333
4a,2018-09-13 19:30:00,0.705852156057495,0.274717748165131
4a,2018-10-26 13:30:00,0.822895277207392,0.376659214496613
4a,2018-11-24 06:00:00,0.901437371663244,0.439705014228821
4a,2018-12-09 18:00:00,0.943874058863792,0.446808278560638
4a,2019-01-05 01:30:00,0.0138603696098563,0.232944875955582
4a,2019-02-20 04:30:00,0.140143737166324,0.310667246580124
4a,2019-03-27 18:00:00,0.240246406570842,0.293863922357559
4a,2019-04-02 07:30:00,0.255475701574264,0.320144653320312
4a,2019-05-16 06:00:00,0.375770020533881,0.252344965934753
4a,2019-06-04 18:00:00,0.429158110882957,0.222284629940987
4a,2019-07-02 19:30:00,0.505989048596851,0.219063520431519
4a,2019-08-26 07:30:00,0.655201916495551,0.284044116735458
4a,2019-09-05 07:30:00,0.682580424366872,0.84205174446106
4a,2019-10-20 00:00:00,0.804928131416838,0.376121699810028
4a,2019-11-17 19:30:00,0.883812457221081,0.414534509181976
4a,2019-12-24 06:00:00,0.983572895277207,0.419916450977325
4a,2020-01-22 18:00:00,0.0622861054072553,0.441682398319244
4a,2020-02-01 06:00:00,0.0882956878850103,0.247560203075409
4a,2020-03-06 03:00:00,0.18104038329911,0.294110268354416
4a,2020-04-05 07:30:00,0.263689253935661,0.273122489452362
4a,2020-05-27 06:00:00,0.405886379192334,0.391926348209381
4a,2020-06-16 19:30:00,0.462183436002738,0.215300977230072
4a,2020-07-09 19:30:00,0.525154004106776,0.19657427072525
4a,2020-08-03 21:00:00,0.593771389459274,0.461916446685791
4a,2020-09-21 04:30:00,0.726043805612594,0.428257763385773
4a,2020-10-06 19:30:00,0.768822724161533,0.265867739915848
4a,2020-11-09 04:30:00,0.860198494182067,0.336495518684387
4a,2020-12-16 07:30:00,0.961841204654346,0.38201493024826
4a,2021-01-08 03:00:00,0.0222450376454483,0.322445034980774
4a,2021-02-07 07:30:00,0.104893908281999,0.303163826465607
4a,2021-03-21 06:00:00,0.222450376454483,0.490102052688599
4a,2021-04-16 18:00:00,0.295003422313484,0.288161396980286
4a,2021-05-13 18:00:00,0.368925393566051,0.260302752256393
4a,2021-06-14 18:00:00,0.456536618754278,0.303992867469788
4a,2021-07-08 06:00:00,0.520876112251882,0.267702668905258
4a,2021-08-03 19:30:00,0.593600273785079,0.170354232192039
4a,2021-09-19 18:00:00,0.722108145106092,0.287851542234421
4a,2021-10-28 22:30:00,0.829397672826831,0.38724958896637
4a,2021-11-06 19:30:00,0.853696098562628,0.431104242801666
4a,2021-12-21 19:30:00,0.976899383983573,0.318564057350159
4a,2022-01-16 18:00:00,0.0458590006844627,0.684003829956055
4a,2022-02-06 16:30:00,0.103182751540041,0.208306208252907
4a,2022-03-12 03:00:00,0.197467488021903,0.241794660687447
4a,2022-04-18 16:30:00,0.300308008213552,0.304436028003693
4a,2022-05-11 19:30:00,0.363620807665982,0.430092990398407
4a,2022-06-05 18:00:00,0.431895961670089,0.330523192882538
4a,2022-07-12 06:00:00,0.531827515400411,0.271470367908478
4a,2022-08-18 18:00:00,0.634496919917864,0.28529354929924
4a,2022-09-30 04:30:00,0.750684462696783,0.60222977399826
4a,2022-10-30 16:30:00,0.834188911704312,0.27398294210434
4a,2022-11-10 18:00:00,0.864476386036961,0.643279910087585
4a,2022-12-22 04:30:00,0.977926078028747,0.419827401638031
4a,2023-01-15 19:30:00,0.0432922655715264,0.229768291115761
4a,2023-02-12 04:30:00,0.118240930869268,0.37282532453537
4a,2023-03-12 19:30:00,0.199349760438056,0.387468993663788
4a,2023-04-10 06:00:00,0.277207392197125,0.453781127929688
4a,2023-05-27 19:30:00,0.407426420260096,0.521194577217102
4a,2023-06-05 06:00:00,0.430527036276523,0.459612131118774
4a,2023-07-23 19:30:00,0.563483915126626,0.21207569539547
4a,2023-08-31 00:00:00,0.668035592060233,0.407932579517365
4a,2023-09-28 04:30:00,0.745208761122519,0.364276766777039
4a,2023-10-12 18:00:00,0.78507871321013,0.524297118186951
4a,2023-11-17 06:00:00,0.88227241615332,0.288920402526855
4a,2023-12-17 16:30:00,0.965605749486653,0.75559675693512
4a,2024-01-09 13:30:00,0.0261806981519507,0.391999185085297
4a,2024-02-05 07:30:00,0.0994182067077344,0.568296432495117
4a,2024-03-26 04:30:00,0.235968514715948,0.319183588027954
4a,2024-04-11 16:30:00,0.281143052703628,0.354906290769577
4a,2024-05-21 01:30:00,0.388945927446954,0.290939509868622
4a,2024-06-14 06:00:00,0.455167693360712,0.243248045444489
4a,2024-07-02 15:00:00,0.505475701574264,0.167841881513596
4a,2024-08-06 13:30:00,0.601129363449692,0.349502325057983
4a,2024-09-27 09:00:00,0.742984257357974,0.826032757759094
4a,2024-10-10 13:30:00,0.779089664613279,0.538301765918732
4a,2024-11-14 03:00:00,0.873716632443532,0.321203589439392
4a,2024-12-26 13:30:00,0.98990417522245,0.176519811153412
4b,1993-01-16 16:30:00,0.0456878850102669,0.0896265655755997
4b,1993-02-27 01:30:00,0.158966461327858,0.18902413547039
4b,1993-03-13 16:30:00,0.201745379876797,0.201720237731934
4b,1993-04-24 16:30:00,0.316735112936345,0.30973345041275
4b,1993-05-17 15:00:00,0.379534565366188,0.298925548791885
4b,1993-06-10 04:30:00,0.444045174537988,0.184464037418365
4b,1993-07-01 04:30:00,0.501540041067762,0.0901869684457779
4b,1993-08-24 04:30:00,0.649383983572895,0.148699820041656
4b,1993-09-13 16:30:00,0.705509924709103,0.396487712860107
4b,1993-10-13 15:00:00,0.787474332648871,0.422461479902267
4b,1993-11-03 16:30:00,0.84514031485284,0.312185376882553
4b,1993-12-25 16:30:00,0.98750855578371,0.237761959433556
4b,1994-01-06 16:30:00,0.0183093771389459,0.516875624656677
4b,1994-02-03 16:30:00,0.0949691991786448,0.391703337430954
4b,1994-03-31 16:30:00,0.251026694045175,0.132706820964813
4b,1994-04-23 16:30:00,0.313997262149213,0.309633582830429
4b,1994-05-21 04:30:00,0.389288158795346,0.279500424861908
4b,1994-06-24 13:30:00,0.483401779603012,0.121353954076767
4b,1994-07-31 13:30:00,0.584702258726899,0.114902511239052
4b,1994-08-10 15:00:00,0.612251882272416,0.226871520280838
4b,1994-09-14 15:00:00,0.70807665982204,0.278846621513367
4b,1994-10-22 16:30:00,0.812286105407255,0.29628387093544
4b,1994-11-03 16:30:00,0.84514031485284,0.289754003286362
4b,1994-12-30 16:30:00,1.00119780971937,0.2367242872715
4b,1995-01-18 16:30:00,0.0511635865845311,0.267839163541794
4b,1995-02-25 16:30:00,0.155201916495551,0.289950132369995
4b,1995-03-10 16:30:00,0.1935318275154,0.264318943023682
4b,1995-04-19 04:30:00,0.301676933607118,0.204325899481773
4b,1995-05-12 04:30:00,0.364647501711157,0.257585823535919
4b,1995-06-30 03:00:00,0.498631074606434,0.111578702926636
4b,1995-07-03 13:30:00,0.508042436687201,0.14518141746521
4b,1995-08-18 04:30:00,0.632956878850103,0.0953203737735748
4b,1995-09-07 16:30:00,0.689082819986311,0.324630856513977
4b,1995-10-24 16:30:00,0.817761806981519,0.228199005126953
4b,1995-11-11 16:30:00,0.867043121149897,0.33493760228157
4b,1995-12-26 03:00:00,0.98870636550308,0.389679044485092
4b,1996-01-06 16:30:00,0.0183093771389459,0.479247868061066
4b,1996-02-06 06:00:00,0.101984941820671,0.314067989587784
4b,1996-03-13 16:30:00,0.201745379876797,0.328598767518997
4b,1996-04-01 04:30:00,0.252395619438741,0.248954638838768
4b,1996-05-02 16:30:00,0.338637919233402,0.328714221715927
4b,1996-06-21 03:00:00,0.473990417522245,0.13184443116188
4b,1996-07-07 04:30:00,0.517967145790554,0.191311970353127
4b,1996-08-23 03:00:00,0.646475017111567,0.140449389815331
4b,1996-09-19 03:00:00,0.720396988364134,0.34346279501915
4b,1996-10-13 16:30:00,0.787645448323066,0.310442358255386
4b,1996-11-19 16:30:00,0.888945927446954,0.412703484296799
4b,1996-12-21 03:00:00,0.97501711156742,0.380437821149826
4b,1997-01-08 16:30:00,0.0237850787132101,0.27204367518425
4b,1997-02-14 16:30:00,0.125085557837098,0.20550549030304
4b,1997-03-24 16:30:00,0.23186173853525,0.0644124448299408
4b,1997-04-19 16:30:00,0.303045859000684,0.139288857579231
4b,1997-05-06 04:30:00,0.348220396988364,0.32780796289444
4b,1997-06-06 13:30:00,0.434120465434634,0.223315745592117
4b,1997-07-02 04:30:00,0.504277891854894,0.0946823060512543
4b,1997-08-28 03:00:00,0.660164271047228,0.269952148199081
4b,1997-09-12 04:30:00,0.701403148528405,0.147211879491806
4b,1997-10-20 15:00:00,0.806639288158795,0.303473889827728
4b,1997-11-25 16:30:00,0.905373032169747,0.373766303062439
4b,1997-12-17 16:30:00,0.965605749486653,0.390682816505432
4b,1998-01-13 01:30:00,0.0357631759069131,0.274317532777786
4b,1998-02-02 01:30:00,0.0905201916495551,0.144351616501808
4b,1998-03-29 04:30:00,0.244182067077344,0.191082701086998
4b,1998-04-16 19:30:00,0.29517453798768,0.361516714096069
4b,1998-05-27 15:00:00,0.406913073237509,0.157784953713417
4b,1998-06-01 16:30:00,0.420773442847365,0.188954040408134
4b,1998-07-02 13:30:00,0.505304585900068,0.152822569012642
4b,1998-08-31 04:30:00,0.66854893908282,0.180867224931717
4b,1998-09-26 16:30:00,0.741101984941821,0.332745254039764
4b,1998-10-01 04:30:00,0.753422313483915,0.26969251036644
4b,1998-11-02 16:30:00,0.842402464065708,0.255259901285172
4b,1998-12-29 15:00:00,0.998288843258042,0.307390481233597
4b,1999-01-01 00:00:00,0.0027378507871321,0.213768571615219
4b,1999-02-09 07:30:00,0.110369609856263,0.169220820069313
4b,1999-03-04 04:30:00,0.175735797399042,0.28046041727066
4b,1999-04-16 16:30:00,0.294832306639288,0.20479641854763
4b,1999-05-09 04:30:00,0.35643394934976,0.166742444038391
4b,1999-06-26 13:30:00,0.488877481177276,0.137511253356934
4b,1999-07-05 03:00:00,0.512320328542094,0.118056759238243
4b,1999-08-08 16:30:00,0.606947296372348,0.244992405176163
4b,1999-09-19 16:30:00,0.721937029431896,0.357596933841705
4b,1999-10-24 03:00:00,0.816221765913758,0.408250570297241
4b,1999-11-28 16:30:00,0.913586584531143,0.148517653346062
4b,1999-12-27 16:30:00,0.992984257357974,0.383054137229919
4b,2000-01-14 16:30:00,0.0402121834360027,0.112487092614174
4b,2000-02-01 16:30:00,0.0894934976043806,0.0614669434726238
4b,2000-03-23 16:30:00,0.229123887748118,0.136893451213837
4b,2000-04-03 18:00:00,0.259411362080767,0.457913905382156
4b,2000-05-01 04:30:00,0.334531143052704,0.14500629901886
4b,2000-06-20 03:00:00,0.471252566735113,0.111358195543289
4b,2000-07-25 04:30:00,0.567248459958932,0.16594772040844
4b,2000-08-25 03:00:00,0.651950718685832,0.125799387693405
4b,2000-09-19 04:30:00,0.72056810403833,0.254140347242355
4b,2000-10-11 01:30:00,0.780458590006845,0.338384121656418
4b,2000-11-06 16:30:00,0.853353867214237,0.472678005695343
4b,2000-12-26 16:30:00,0.990246406570842,0.468117266893387
4b,2001-01-28 09:00:00,0.0776865160848734,0.374110102653503
4b,2001-02-27 15:00:00,0.160506502395619,0.337380677461624
4b,2001-03-02 16:30:00,0.171629021218344,0.410059928894043
4b,2001-04-23 04:30:00,0.312628336755647,0.209478363394737
4b,2001-05-15 01:30:00,0.372518822724162,0.218737468123436
4b,2001-06-16 03:00:00,0.460301163586585,0.113768309354782
4b,2001-07-18 13:30:00,0.549110198494182,0.16111233830452
4b,2001-08-19 18:00:00,0.637234770704997,0.156970322132111
4b,2001-09-23 03:00:00,0.731348391512663,0.226317599415779
4b,2001-10-20 16:30:00,0.806810403832991,0.292931944131851
4b,2001-11-09 03:00:00,0.860027378507871,0.117080107331276
4b,2001-12-30 15:00:00,1.00102669404517,0.206244796514511
4b,2002-01-23 16:30:00,0.0648528405201916,0.292784571647644
4b,2002-02-05 16:30:00,0.100444900752909,0.188582465052605
4b,2002-03-14 07:30:00,0.203456536618754,0.239930927753448
4b,2002-04-07 04:30:00,0.268822724161533,0.272224217653275
4b,2002-05-21 16:30:00,0.390657084188912,0.29295489192009
4b,2002-06-05 03:00:00,0.430184804928131,0.191310703754425
4b,2002-07-02 04:30:00,0.504277891854894,0.0907990038394928
4b,2002-08-19 03:00:00,0.635523613963039,0.105896636843681
4b,2002-09-18 04:30:00,0.717830253251198,0.179566845297813
4b,2002-10-22 16:30:00,0.812286105407255,0.329299837350845
4b,2002-11-14 16:30:00,0.875256673511294,0.437846392393112
4b,2002-12-27 16:30:00,0.992984257357974,0.384866744279861
4b,2003-01-21 04:30:00,0.0580082135523614,0.328565239906311
4b,2003-02-26 16:30:00,0.157939767282683,0.23548187315464
4b,2003-03-27 16:30:00,0.240075290896646,0.233387902379036
4b,2003-04-13 16:30:00,0.286618754277892,0.268839806318283
4b,2003-05-04 04:30:00,0.3427446954141,0.11215902864933
4b,2003-06-30 12:00:00,0.499657768651608,0.185890465974808
4b,2003-07-01 12:00:00,0.502395619438741,0.175884217023849
4b,2003-08-29 04:30:00,0.663073237508556,0.199580699205399
4b,2003-09-30 18:00:00,0.752224503764545,0.212574690580368
4b,2003-10-31 16:30:00,0.836926762491444,0.536225199699402
4b,2003-11-01 00:00:00,0.837782340862423,0.398010015487671
4b,2003-12-28 00:00:00,0.993839835728953,0.297314912080765
4b,2004-01-26 01:30:00,0.0713552361396304,0.24681781232357
4b,2004-02-27 07:30:00,0.159650924024641,0.26583057641983
4b,2004-03-31 19:30:00,0.251368925393566,0.214590519666672
4b,2004-04-01 04:30:00,0.252395619438741,0.288301587104797
4b,2004-05-05 19:30:00,0.34719370294319,0.312643498182297
4b,2004-06-22 21:00:00,0.478781656399726,0.1449334025383
4b,2004-07-21 04:30:00,0.556297056810404,0.102566093206406
4b,2004-08-18 19:30:00,0.63466803559206,0.187945932149887
4b,2004-09-09 18:00:00,0.694729637234771,0.085770383477211
4b,2004-10-28 16:30:00,0.828713210130048,0.355034470558167
4b,2004-11-30 22:30:00,0.91974674880219,0.172303274273872
4b,2004-12-01 16:30:00,0.921800136892539,0.274387836456299
4b,2005-01-18 13:30:00,0.0508213552361396,0.0631726384162903
4b,2005-02-22 07:30:00,0.14596167008898,0.255482375621796
4b,2005-03-21 18:00:00,0.223819301848049,0.270985990762711
4b,2005-04-24 04:30:00,0.315366187542779,0.156042531132698
4b,2005-05-16 07:30:00,0.375941136208077,0.138475582003593
4b,2005-06-13 12:00:00,0.453114305270363,0.154366135597229
4b,2005-07-27 10:30:00,0.57340862422998,0.149533152580261
4b,2005-08-09 10:30:00,0.609000684462697,0.136298388242722
4b,2005-09-06 19:30:00,0.68668720054757,0.163559570908546
4b,2005-10-29 16:30:00,0.83145106091718,0.235143184661865
4b,2005-11-26 15:00:00,0.907939767282683,0.301386207342148
4b,2005-12-02 16:30:00,0.924537987679671,0.335170149803162
4b,2006-01-01 00:00:00,0.0027378507871321,0.137595847249031
4b,2006-02-19 07:30:00,0.137748117727584,0.425772666931152
4b,2006-03-04 19:30:00,0.177446954140999,0.360016644001007
4b,2006-04-21 04:30:00,0.307152635181383,0.164872169494629
4b,2006-05-22 04:30:00,0.392026009582478,0.242795825004578
4b,2006-06-09 19:30:00,0.443018480492813,0.123962312936783
4b,2006-07-29 12:00:00,0.579055441478439,0.0702676177024841
4b,2006-08-17 12:00:00,0.631074606433949,0.280952870845795
4b,2006-09-22 16:30:00,0.730150581793292,0.226235643029213
4b,2006-10-22 16:30:00,0.812286105407255,0.349111199378967
4b,2006-11-24 18:00:00,0.90280629705681,0.320390075445175
4b,2006-12-08 01:30:00,0.939253935660507,0.325349748134613
4b,2007-01-24 22:30:00,0.0682751540041068,0.152839034795761
4b,2007-02-16 19:30:00,0.130903490759754,0.283630460500717
4b,2007-03-07 16:30:00,0.185318275154004,0.278210431337357
4b,2007-04-01 04:30:00,0.252395619438741,0.0815800130367279
4b,2007-05-13 13:30:00,0.368412046543463,0.206720039248466
4b,2007-06-17 12:00:00,0.464065708418891,0.202384829521179
4b,2007-07-23 12:00:00,0.562628336755647,0.174086183309555
4b,2007-08-15 19:30:00,0.626454483230664,0.151434913277626
4b,2007-09-30 19:30:00,0.752395619438741,0.113836392760277
4b,2007-10-23 16:30:00,0.815023956194387,0.122500538825989
4b,2007-11-20 16:30:00,0.891683778234086,0.274783551692963
4b,2007-12-09 16:30:00,0.943702943189596,0.143068686127663
4b,2008-01-03 16:30:00,0.0100958247775496,0.377780497074127
4b,2008-02-03 16:30:00,0.0949691991786448,0.222881898283958
4b,2008-03-10 10:30:00,0.192847364818617,0.32030513882637
4b,2008-04-18 06:00:00,0.299110198494182,0.437267482280731
4b,2008-05-23 19:30:00,0.396475017111567,0.199259281158447
4b,2008-06-16 13:30:00,0.461498973305955,0.169603526592255
4b,2008-07-07 12:00:00,0.518822724161533,0.119558066129684
4b,2008-08-12 06:00:00,0.616700889801506,0.170748457312584
4b,2008-09-05 12:00:00,0.683093771389459,0.21945732831955
4b,2008-10-31 16:30:00,0.836926762491444,0.298091441392899
4b,2008-11-29 16:30:00,0.916324435318275,0.396746814250946
4b,2008-12-14 01:30:00,0.955681040383299,0.261078268289566
4b,2009-01-23 22:30:00,0.0655373032169747,0.440560728311539
4b,2009-02-06 01:30:00,0.101471594798084,0.419026881456375
4b,2009-03-05 06:00:00,0.17864476386037,0.402928441762924
4b,2009-04-10 18:00:00,0.278576317590691,0.186943352222443
4b,2009-05-14 03:00:00,0.369952087611225,0.164662808179855
4b,2009-06-08 04:30:00,0.438569472963723,0.208251774311066
4b,2009-07-22 19:30:00,0.560746064339493,0.137023106217384
4b,2009-08-27 12:00:00,0.65845311430527,0.0896051079034805
4b,2009-09-16 06:00:00,0.712525667351129,0.0793093144893646
4b,2009-10-21 16:30:00,0.809548254620123,0.297502160072327
4b,2009-11-29 16:30:00,0.916324435318275,0.283405303955078
4b,2009-12-24 07:30:00,0.983744010951403,0.473459810018539
4b,2010-01-14 03:00:00,0.0386721423682409,0.327788144350052
4b,2010-02-27 19:30:00,0.161019849418207,0.522799968719482
4b,2010-03-29 19:30:00,0.245893223819302,0.252093017101288
4b,2010-04-03 13:30:00,0.258898015058179,0.157005831599236
4b,2010-05-09 04:30:00,0.35643394934976,0.213155031204224
4b,2010-06-10 10:30:00,0.444729637234771,0.293597728013992
4b,2010-07-14 12:00:00,0.537987679671458,0.159373059868813
4b,2010-08-26 12:00:00,0.655715263518138,0.129398345947266
4b,2010-09-07 16:30:00,0.689082819986311,0.245547607541084
4b,2010-10-03 19:30:00,0.760609171800137,0.402758359909058
4b,2010-11-09 09:00:00,0.860711841204654,0.464345306158066
4b,2010-12-06 16:30:00,0.9354893908282,0.346999913454056
4b,2011-01-06 22:30:00,0.018993839835729,0.267881065607071
4b,2011-02-16 16:30:00,0.130561259411362,0.394669443368912
4b,2011-03-13 07:30:00,0.200718685831622,0.234292820096016
4b,2011-04-22 09:00:00,0.310403832991102,0.22350387275219
4b,2011-05-01 04:30:00,0.334531143052704,0.204592108726501
4b,2011-06-06 10:30:00,0.433778234086242,0.132132112979889
4b,2011-07-18 22:30:00,0.550136892539357,0.168026939034462
4b,2011-08-06 12:00:00,0.600958247775496,0.174781322479248
4b,2011-09-01 10:30:00,0.671971252566735,0.206359028816223
4b,2011-10-24 06:00:00,0.816563997262149,0.361655592918396
4b,2011-11-03 06:00:00,0.84394250513347,0.351888030767441
4b,2011-12-16 10:30:00,0.962183436002738,0.292018830776215
4b,2012-01-16 00:00:00,0.0438056125941136,0.094465434551239
4b,2012-02-01 09:00:00,0.0886379192334018,0.0492921955883503
4b,2012-03-18 07:30:00,0.214407939767283,0.0725667774677277
4b,2012-04-19 04:30:00,0.301676933607118,0.305753767490387
4b,2012-05-04 19:30:00,0.344455852156058,0.226901203393936
4b,2012-06-07 04:30:00,0.435831622176591,0.215827867388725
4b,2012-07-07 21:00:00,0.519849418206708,0.144616588950157
4b,2012-08-14 22:30:00,0.624058863791923,0.182269334793091
4b,2012-09-25 18:00:00,0.738535249828884,0.302599519491196
4b,2012-10-31 16:30:00,0.836926762491444,0.302177906036377
4b,2012-11-01 07:30:00,0.838637919233402,0.353739798069
4b,2012-12-14 07:30:00,0.956365503080082,0.317024320363998
4b,2013-01-19 13:30:00,0.0535592060232717,0.405835777521133
4b,2013-02-10 22:30:00,0.114818617385352,0.226887345314026
4b,2013-03-11 10:30:00,0.195585215605749,0.361246973276138
4b,2013-04-01 09:00:00,0.252908966461328,0.292588442564011
4b,2013-05-16 19:30:00,0.377310061601643,0.205256044864655
4b,2013-06-17 10:30:00,0.463894592744695,0.136076286435127
4b,2013-07-27 09:00:00,0.573237508555784,0.151187047362328
4b,2013-08-01 07:30:00,0.586755646817248,0.112247839570045
4b,2013-09-28 18:00:00,0.746748802190281,0.246850684285164
4b,2013-10-22 09:00:00,0.811430527036276,0.245256394147873
4b,2013-11-04 09:00:00,0.847022587268994,0.254666388034821
4b,2013-12-25 13:30:00,0.987166324435318,0.361304610967636
4b,2014-01-28 22:30:00,0.0792265571526352,0.360880821943283
4b,2014-02-09 22:30:00,0.11208076659822,0.46266758441925
4b,2014-03-03 09:00:00,0.173511293634497,0.27152881026268
4b,2014-04-02 10:30:00,0.255817932922656,0.257128238677979
4b,2014-05-21 12:00:00,0.390143737166324,0.254710882902145
4b,2014-06-28 10:30:00,0.494010951403149,0.147861585021019
4b,2014-07-19 10:30:00,0.551505817932923,0.152971476316452
4b,2014-08-02 10:30:00,0.589835728952772,0.153155505657196
4b,2014-09-16 19:30:00,0.714065708418891,0.264183670282364
4b,2014-10-08 07:30:00,0.772929500342231,0.203564390540123
4b,2014-11-28 07:30:00,0.912559890485969,0.37405264377594
4b,2014-12-12 22:30:00,0.952600958247775,0.17543663084507
4b,2015-01-30 21:00:00,0.0845311430527036,0.40511691570282
4b,2015-02-02 21:00:00,0.0927446954140999,0.225530236959457
4b,2015-03-23 09:00:00,0.228268309377139,0.0852581858634949
4b,2015-04-26 09:00:00,0.32135523613963,0.179840907454491
4b,2015-05-04 19:30:00,0.344455852156058,0.292029291391373
4b,2015-06-13 21:00:00,0.454140999315537,0.119588121771812
4b,2015-07-28 21:00:00,0.577344284736482,0.120503082871437
4b,2015-08-23 21:00:00,0.648528405201916,0.210891634225845
4b,2015-09-16 07:30:00,0.712696783025325,0.385670363903046
4b,2015-10-05 21:00:00,0.766255989048597,0.254284828901291
4b,2015-11-02 22:30:00,0.843086926762491,0.153434500098228
4b,2015-12-19 18:00:00,0.971252566735113,0.139352530241013
4b,2016-01-10 22:30:00,0.0299452429842574,0.351976543664932
4b,2016-02-13 22:30:00,0.123032169746749,0.328487932682037
4b,2016-03-04 19:30:00,0.177446954140999,0.283597230911255
4b,2016-04-15 19:30:00,0.292436687200548,0.230275735259056
4b,2016-05-08 10:30:00,0.354380561259411,0.313253104686737
4b,2016-06-15 19:30:00,0.459445585215606,0.271285116672516
4b,2016-07-18 21:00:00,0.549965776865161,0.12910507619381
4b,2016-08-19 10:30:00,0.636379192334018,0.126616939902306
4b,2016-09-15 09:00:00,0.710130047912389,0.268794447183609
4b,2016-10-23 06:00:00,0.813826146475017,0.239763289690018
4b,2016-11-21 07:30:00,0.893394934976044,0.314520657062531
4b,2016-12-03 22:30:00,0.927960301163587,0.165110751986504
4b,2017-01-27 07:30:00,0.0747775496235455,0.224948808550835
4b,2017-02-03 22:30:00,0.0956536618754278,0.348762184381485
4b,2017-03-04 09:00:00,0.176249144421629,0.245742112398148
4b,2017-04-30 10:30:00,0.332477754962355,0.190930873155594
4b,2017-05-11 19:30:00,0.363620807665982,0.296547174453735
4b,2017-06-28 19:30:00,0.495037645448323,0.253802567720413
4b,2017-07-19 09:00:00,0.551334702258727,0.167245149612427
4b,2017-08-26 10:30:00,0.655544147843943,0.160804376006126
4b,2017-09-09 09:00:00,0.693702943189596,0.166267678141594
4b,2017-10-18 07:30:00,0.800308008213552,0.173672392964363
4b,2017-11-22 21:00:00,0.897672826830938,0.223446771502495
4b,2017-12-10 22:30:00,0.947125256673511,0.441983997821808
4b,2018-01-06 07:30:00,0.0172826830937714,0.228172108530998
4b,2018-02-28 21:00:00,0.163928815879535,0.286666333675385
4b,2018-03-02 19:30:00,0.171971252566735,0.442998915910721
4b,2018-04-03 19:30:00,0.259582477754962,0.303230881690979
4b,2018-05-02 09:00:00,0.337782340862423,0.122081369161606
4b,2018-06-30 10:30:00,0.499486652977413,0.166144788265228
4b,2018-07-01 10:30:00,0.502224503764545,0.173792168498039
4b,2018-08-08 09:00:00,0.606091718001369,0.121264293789864
4b,2018-09-17 19:30:00,0.716803559206023,0.109607487916946
4b,2018-10-11 07:30:00,0.781143052703628,0.256349325180054
4b,2018-11-05 19:30:00,0.850958247775496,0.323205083608627
4b,2018-12-13 07:30:00,0.95362765229295,0.173916965723038
4b,2019-01-31 22:30:00,0.0874401095140315,0.402136564254761
4b,2019-02-01 09:00:00,0.0886379192334018,0.488906145095825
4b,2019-03-06 19:30:00,0.182922655715264,0.332426071166992
4b,2019-04-24 10:30:00,0.316050650239562,0.326887428760529
4b,2019-05-08 10:30:00,0.354380561259411,0.250015377998352
4b,2019-06-06 19:30:00,0.434804928131417,0.200013622641563
4b,2019-07-27 09:00:00,0.573237508555784,0.149840012192726
4b,2019-08-09 10:30:00,0.609000684462697,0.199515581130981
4b,2019-09-21 22:30:00,0.728097193702943,0.186739549040794
4b,2019-10-19 09:00:00,0.80321697467488,0.213237449526787
4b,2019-11-23 01:30:00,0.898186173853525,0.409239947795868
4b,2019-12-19 22:30:00,0.9717659137577,0.430405110120773
4b,2020-01-27 21:00:00,0.0763175906913073,0.221292778849602
4b,2020-02-29 07:30:00,0.165126625598905,0.236403450369835
4b,2020-03-02 00:00:00,0.16974674880219,0.318986922502518
4b,2020-04-30 22:30:00,0.333846680355921,0.200619593262672
4b,2020-05-01 10:30:00,0.335215605749487,0.201030552387238
4b,2020-06-12 10:30:00,0.450205338809035,0.298227608203888
4b,2020-07-25 10:30:00,0.567932922655715,0.116383269429207
4b,2020-08-19 19:30:00,0.637405886379192,0.236815869808197
4b,2020-09-24 09:00:00,0.734770704996578,0.177021086215973
4b,2020-10-02 19:30:00,0.757871321013005,0.342055022716522
4b,2020-11-28 09:00:00,0.912731006160164,0.17748998105526
4b,2020-12-27 22:30:00,0.993668720054757,0.439221024513245
4b,2021-01-21 22:30:00,0.0600616016427105,0.355795532464981
4b,2021-02-09 07:30:00,0.110369609856263,0.363400787115097
4b,2021-03-31 19:30:00,0.251368925393566,0.121226921677589
4b,2021-04-26 19:30:00,0.322553045859001,0.199586242437363
4b,2021-05-09 09:00:00,0.356947296372348,0.24836790561676
4b,2021-06-21 19:30:00,0.475872689938398,0.192432835698128
4b,2021-07-05 21:00:00,0.514373716632444,0.198497980833054
4b,2021-08-07 07:30:00,0.603182751540041,0.17160077393055
4b,2021-09-14 09:00:00,0.707392197125257,0.179365932941437
4b,2021-10-30 00:00:00,0.832306639288159,0.290606409311295
4b,2021-11-02 10:30:00,0.841718001368925,0.220020428299904
4b,2021-12-08 07:30:00,0.93993839835729,0.273935198783875
4b,2022-01-04 07:30:00,0.0118069815195072,0.224117249250412
4b,2022-02-14 07:30:00,0.124058863791923,0.176292046904564
4b,2022-03-12 19:30:00,0.199349760438056,0.236264273524284
4b,2022-04-23 09:00:00,0.313141683778234,0.324812650680542
4b,2022-05-16 19:30:00,0.377310061601643,0.146915003657341
4b,2022-06-19 10:30:00,0.46937029431896,0.251653611660004
4b,2022-07-18 10:30:00,0.548767967145791,0.144707322120667
4b,2022-08-16 10:30:00,0.628165639972622,0.242282852530479
4b,2022-09-13 10:30:00,0.70482546201232,0.226856127381325
4b,2022-10-23 09:00:00,0.814168377823409,0.315278589725494
4b,2022-11-16 09:00:00,0.879876796714579,0.318435817956924
4b,2022-12-15 09:00:00,0.95927446954141,0.337974965572357
4b,2023-01-16 22:30:00,0.04637234770705,0.400156110525131
4b,2023-02-25 07:30:00,0.154175222450376,0.185775592923164
4b,2023-03-08 09:00:00,0.187200547570157,0.302935749292374
4b,2023-04-14 10:30:00,0.288672142368241,0.206642910838127
4b,2023-05-31 19:30:00,0.418377823408624,0.138840839266777
4b,2023-06-08 10:30:00,0.439253935660507,0.210478141903877
4b,2023-07-15 09:00:00,0.540383299110198,0.166471719741821
4b,2023-08-02 09:00:00,0.589664613278576,0.169596701860428
4b,2023-09-21 09:00:00,0.726557152635181,0.262454241514206
4b,2023-10-20 07:30:00,0.805783709787817,0.536016762256622
4b,2023-11-04 07:30:00,0.846851471594798,0.417958438396454
4b,2023-12-01 07:30:00,0.920773442847365,0.338028132915497
4b,2024-01-17 13:30:00,0.0480835044490075,0.381259709596634
4b,2024-02-09 21:00:00,0.111909650924025,0.450193911790848
4b,2024-03-27 19:30:00,0.240417522245038,0.410605251789093
4b,2024-04-06 04:30:00,0.266084873374401,0.282339870929718
4b,2024-05-05 04:30:00,0.345482546201232,0.163949832320213
4b,2024-06-17 03:00:00,0.463039014373717,0.148524597287178
4b,2024-07-15 10:30:00,0.540554414784394,0.130025371909142
4b,2024-08-24 10:30:00,0.650068446269678,0.11067233979702
4b,2024-09-26 10:30:00,0.740417522245038,0.277647852897644
4b,2024-10-09 09:00:00,0.775838466803559,0.42149806022644
4b,2024-11-21 16:30:00,0.894421629021218,0.293070405721664
4b,2024-12-19 00:00:00,0.969199178644764,0.129940524697304
4c,1993-01-24 10:30:00,0.0669062286105407,0.00372336711734533
4c,1993-02-16 10:30:00,0.129876796714579,0.0507326796650887
4c,1993-03-27 22:30:00,0.240759753593429,0.0643718242645264
4c,1993-04-03 22:30:00,0.259924709103354,0.0975224524736404
4c,1993-05-27 22:30:00,0.407768651608487,0.130229771137238
4c,1993-06-04 22:30:00,0.429671457905544,0.157676458358765
4c,1993-07-28 16:30:00,0.576830937713895,0.186443269252777
4c,1993-08-08 21:00:00,0.607460643394935,0.344532698392868
4c,1993-09-02 10:30:00,0.674709103353867,0.35122138261795
4c,1993-10-07 10:30:00,0.770533880903491,0.175960600376129
4c,1993-11-12 10:30:00,0.869096509240246,0.0588931366801262
4c,1993-12-03 10:30:00,0.92659137577002,0.0230069551616907
4c,1994-01-13 10:30:00,0.0367898699520876,0.0509313866496086
4c,1994-02-11 10:30:00,0.116187542778919,0.127727195620537
4c,1994-03-22 22:30:00,0.227070499657769,0.0835567712783813
4c,1994-04-28 22:30:00,0.328370978781656,0.111873082816601
4c,1994-05-28 22:30:00,0.410506502395619,0.143229871988297
4c,1994-06-17 22:30:00,0.465263518138261,0.119066543877125
4c,1994-07-30 19:30:00,0.58264887063655,0.198120355606079
4c,1994-08-13 00:00:00,0.618754277891855,0.181048512458801
4c,1994-09-27 21:00:00,0.74435318275154,0.159978985786438
4c,1994-10-10 01:30:00,0.777720739219713,0.116398274898529
4c,1994-11-28 10:30:00,0.91290212183436,0.0578862354159355
4c,1994-12-11 10:30:00,0.948494182067077,0.0398825481534004
4c,1995-01-22 21:00:00,0.0626283367556468,0.028490012511611
4c,1995-02-27 22:30:00,0.161362080766598,0.0536763295531273
4c,1995-03-29 22:30:00,0.246235455167693,0.0936220586299896
4c,1995-04-18 10:30:00,0.299623545516769,0.0714197084307671
4c,1995-05-14 10:30:00,0.370807665982204,0.144426614046097
4c,1995-06-10 16:30:00,0.445414099931554,0.130270838737488
4c,1995-07-21 22:30:00,0.558350444900753,0.222510367631912
4c,1995-08-23 00:00:00,0.646132785763176,0.183843165636063
4c,1995-09-23 01:30:00,0.731177275838467,0.163068413734436
4c,1995-10-14 00:00:00,0.788501026694045,0.0742278397083282
4c,1995-11-07 10:30:00,0.855407255304586,0.0509814098477364
4c,1995-12-30 22:30:00,1.00188227241615,-0.03199303150177
4c,1996-01-21 22:30:00,0.0600616016427105,0.0483213514089584
4c,1996-02-14 10:30:00,0.124401095140315,0.0684616714715958
4c,1996-03-20 01:30:00,0.219199178644764,0.0841282308101654
4c,1996-04-30 09:00:00,0.332306639288159,0.107173569500446
4c,1996-05-08 00:00:00,0.353182751540041,0.119691133499146
4c,1996-06-19 22:30:00,0.470739219712526,0.102225095033646
4c,1996-07-30 22:30:00,0.582991101984942,0.291893124580383
4c,1996-08-12 10:30:00,0.617214236824093,0.418636471033096
4c,1996-09-29 19:30:00,0.749657768651608,0.322291225194931
4c,1996-10-13 10:30:00,0.786960985626283,0.0804791674017906
4c,1996-11-11 10:30:00,0.866358658453114,0.171718537807465
4c,1996-12-05 00:00:00,0.930869267624914,0.00676658656448126
4c,1997-01-24 01:30:00,0.0658795345653662,0.0773274153470993
4c,1997-02-08 10:30:00,0.107973990417522,0.066795751452446
4c,1997-03-29 00:00:00,0.243668720054757,0.0761758983135223
4c,1997-04-29 22:30:00,0.331108829568789,0.0665578097105026
4c,1997-05-29 10:30:00,0.411875427789186,0.155549556016922
4c,1997-06-26 22:30:00,0.48990417522245,0.313251256942749
4c,1997-07-24 10:30:00,0.565195071868583,0.179097592830658
4c,1997-08-17 07:30:00,0.630561259411362,0.547434210777283
4c,1997-09-14 00:00:00,0.706365503080082,0.163881599903107
4c,1997-10-22 22:30:00,0.812970568104038,0.0974726974964142
4c,1997-11-24 22:30:00,0.903319644079398,0.0301406569778919
4c,1997-12-29 21:00:00,0.998973305954825,0.0223126877099276
4c,1998-01-17 10:30:00,0.047741273100616,0.111298352479935
4c,1998-02-24 10:30:00,0.151779603011636,0.0674294680356979
4c,1998-03-08 22:30:00,0.188740588637919,0.0671492367982864
4c,1998-04-14 07:30:00,0.288329911019849,0.0940883234143257
4c,1998-05-29 00:00:00,0.410677618069815,0.122715421020985
4c,1998-06-16 22:30:00,0.462525667351129,0.120775058865547
4c,1998-07-20 19:30:00,0.555270362765229,0.142695009708405
4c,1998-08-27 22:30:00,0.659650924024641,0.117640532553196
4c,1998-09-21 00:00:00,0.725530458590007,0.178030997514725
4c,1998-10-16 21:00:00,0.79637234770705,0.2054782807827
4c,1998-11-05 10:30:00,0.849931553730322,0.0806929022073746
4c,1998-12-22 10:30:00,0.97861054072553,0.0354424118995667
4c,1999-01-24 22:30:00,0.0682751540041068,0.0405225604772568
4c,1999-02-01 10:30:00,0.0888090349075975,0.02108602412045
4c,1999-03-06 22:30:00,0.183264887063655,0.139623552560806
4c,1999-04-11 22:30:00,0.281827515400411,0.107195354998112
4c,1999-05-03 22:30:00,0.342060232717317,0.141140475869179
4c,1999-06-03 10:30:00,0.425564681724846,0.126922011375427
4c,1999-07-25 13:30:00,0.568275154004107,0.238432228565216
4c,1999-08-01 13:30:00,0.587440109514031,0.260984152555466
4c,1999-09-22 10:30:00,0.729466119096509,0.336321443319321
4c,1999-10-07 22:30:00,0.771902806297057,0.0662697032094002
4c,1999-11-15 10:30:00,0.877310061601643,0.0602453798055649
4c,1999-12-17 00:00:00,0.9637234770705,0.0182440336793661
4c,2000-01-12 10:30:00,0.0340520191649555,0.0408033430576324
4c,2000-02-19 12:00:00,0.138261464750171,0.0533416979014874
4c,2000-03-15 22:30:00,0.207905544147844,0.0588447079062462
4c,2000-04-26 00:00:00,0.320328542094456,0.127289891242981
4c,2000-05-01 00:00:00,0.334017796030116,0.0961938872933388
4c,2000-06-13 10:30:00,0.452943189596167,0.122803129255772
4c,2000-07-28 19:30:00,0.577173169062286,0.203407526016235
4c,2000-08-28 22:30:00,0.662388774811773,0.227673709392548
4c,2000-09-12 15:00:00,0.702600958247775,0.497465312480927
4c,2000-10-08 10:30:00,0.773271731690623,0.0839711651206017
4c,2000-11-01 10:30:00,0.838980150581793,0.103720940649509
4c,2000-12-30 22:30:00,1.00188227241615,0.0297435745596886
4c,2001-01-25 22:30:00,0.0710130047912389,0.0588127635419369
4c,2001-02-23 10:30:00,0.149041752224504,0.0599224008619785
4c,2001-03-27 12:00:00,0.239561943874059,0.132685601711273
4c,2001-04-20 22:30:00,0.3064681724846,0.130270302295685
4c,2001-05-21 00:00:00,0.388774811772758,0.136382579803467
4c,2001-06-13 00:00:00,0.451745379876797,0.119649320840836
4c,2001-07-04 07:30:00,0.51009582477755,0.153306543827057
4c,2001-08-19 01:30:00,0.635352498288843,0.187849223613739
4c,2001-09-07 13:30:00,0.688740588637919,0.181499600410461
4c,2001-10-16 22:30:00,0.796543463381246,0.242533981800079
4c,2001-11-02 10:30:00,0.841718001368925,0.0347884446382523
4c,2001-12-12 12:00:00,0.951403148528405,-0.00232726708054543
4c,2002-01-25 22:30:00,0.0710130047912389,0.0550787970423698
4c,2002-02-08 10:30:00,0.107973990417522,0.00530780106782913
4c,2002-03-28 22:30:00,0.243497604380561,0.0653495043516159
4c,2002-04-20 22:30:00,0.3064681724846,0.0531117767095566
4c,2002-05-31 15:00:00,0.417864476386037,0.103144459426403
4c,2002-06-10 00:00:00,0.4435318275154,0.114075526595116
4c,2002-07-14 12:00:00,0.537987679671458,0.39583894610405
4c,2002-08-29 10:30:00,0.663757700205339,0.266149491071701
4c,2002-09-04 16:30:00,0.680869267624914,0.50825709104538
4c,2002-10-06 00:00:00,0.766598220396988,0.0733330845832825
4c,2002-11-14 10:30:00,0.874572210814511,0.0729067325592041
4c,2002-12-18 22:30:00,0.969028062970568,0.031098049134016
4c,2003-01-22 12:00:00,0.0616016427104723,0.0560165718197823
4c,2003-02-28 22:30:00,0.16409993155373,0.0428181663155556
4c,2003-03-31 22:30:00,0.251711156741958,0.0778841078281403
4c,2003-04-03 01:30:00,0.257529089664613,0.0957670658826828
4c,2003-05-30 01:30:00,0.413586584531143,0.193659007549286
4c,2003-06-08 01:30:00,0.438227241615332,0.13172060251236
4c,2003-07-31 16:30:00,0.585044490075291,0.101374812424183
4c,2003-08-07 00:00:00,0.602327173169062,0.480696827173233
4c,2003-09-19 10:30:00,0.721252566735113,0.258742243051529
4c,2003-10-10 10:30:00,0.778747433264887,0.0783585906028748
4c,2003-11-29 10:30:00,0.915639972621492,0.0689171329140663
4c,2003-12-25 10:30:00,0.986824093086927,-0.0128701291978359
4c,2004-01-29 22:30:00,0.0819644079397673,-0.00044679082930088
4c,2004-02-29 13:30:00,0.165811088295688,0.0670123845338821
4c,2004-03-28 01:30:00,0.241101984941821,0.0612266547977924
4c,2004-04-22 22:30:00,0.311943874058864,0.0917967334389687
4c,2004-05-19 22:30:00,0.385865845311431,0.155637681484222
4c,2004-06-19 18:00:00,0.470225872689938,0.308982610702515
4c,2004-07-03 16:30:00,0.508384668035592,0.152250677347183
4c,2004-08-17 10:30:00,0.630903490759754,0.225992411375046
4c,2004-09-05 10:30:00,0.682922655715264,0.61416107416153
4c,2004-10-19 06:00:00,0.802874743326489,0.564862668514252
4c,2004-11-01 10:30:00,0.838980150581793,0.0229864157736301
4c,2004-12-04 10:30:00,0.929329226557153,0.0901577919721603
4c,2005-01-25 10:30:00,0.0696440793976728,0.0605714321136475
4c,2005-02-24 01:30:00,0.150752908966461,0.0988721773028374
4c,2005-03-11 00:00:00,0.194387405886379,0.05697912722826
4c,2005-04-30 22:30:00,0.333846680355921,0.0861179232597351
4c,2005-05-06 01:30:00,0.347878165639973,0.110449932515621
4c,2005-06-01 15:00:00,0.420602327173169,0.144928127527237
4c,2005-07-25 01:30:00,0.566906228610541,0.149853080511093
4c,2005-08-31 01:30:00,0.668206707734428,0.191687881946564
4c,2005-09-04 16:30:00,0.680869267624914,0.265567034482956
4c,2005-10-14 22:30:00,0.791067761806982,0.0767774879932404
4c,2005-11-12 22:30:00,0.870465434633812,0.026287917047739
4c,2005-12-10 21:00:00,0.946954140999316,-0.00426090694963932
4c,2006-01-19 12:00:00,0.053388090349076,0.058384831994772
4c,2006-02-28 19:30:00,0.163757700205339,0.0592160299420357
4c,2006-03-22 13:30:00,0.226043805612594,0.0696735084056854
4c,2006-04-29 01:30:00,0.328713210130048,0.0932224988937378
4c,2006-05-19 01:30:00,0.38347022587269,0.106084920465946
4c,2006-06-08 00:00:00,0.438056125941136,0.163704752922058
4c,2006-07-08 19:30:00,0.522416153319644,0.243383944034576
4c,2006-08-09 06:00:00,0.60848733744011,0.169420808553696
4c,2006-09-16 13:30:00,0.713381245722108,0.205116510391235
4c,2006-10-05 01:30:00,0.764031485284052,0.151812136173248
4c,2006-11-17 22:30:00,0.884154688569473,0.0210358146578074
4c,2006-12-25 10:30:00,0.986824093086927,0.0421574823558331
4c,2007-01-01 21:00:00,0.00513347022587269,-0.0170670077204704
4c,2007-02-25 03:00:00,0.153661875427789,0.032407034188509
4c,2007-03-27 01:30:00,0.238364134154689,0.0977495834231377
4c,2007-04-18 01:30:00,0.298596851471595,0.148776590824127
4c,2007-05-05 15:00:00,0.346680355920602,0.126171827316284
4c,2007-06-03 01:30:00,0.424537987679671,0.1088015884161
4c,2007-07-13 01:30:00,0.534052019164955,0.60149610042572
4c,2007-08-10 19:30:00,0.612765229295003,0.157778352499008
4c,2007-09-14 15:00:00,0.70807665982204,0.220459878444672
4c,2007-10-05 22:30:00,0.766427104722793,0.13444772362709
4c,2007-11-27 19:30:00,0.911190965092402,0.0579189360141754
4c,2007-12-12 10:30:00,0.951232032854209,0.0575343854725361
4c,2008-01-28 19:30:00,0.0788843258042437,0.0335357375442982
4c,2008-02-02 06:00:00,0.0910335386721424,0.0224897712469101
4c,2008-03-18 10:30:00,0.214750171115674,0.0803084895014763
4c,2008-04-09 12:00:00,0.275154004106776,0.0945394411683083
4c,2008-05-30 01:30:00,0.413586584531143,0.115514300763607
4c,2008-06-23 01:30:00,0.479295003422313,0.149282783269882
4c,2008-07-25 16:30:00,0.568617385352498,0.158144056797028
4c,2008-08-09 16:30:00,0.60968514715948,0.150191217660904
4c,2008-09-17 01:30:00,0.714750171115674,0.127553373575211
4c,2008-10-04 15:00:00,0.762833675564682,0.07135970890522
4c,2008-11-12 10:30:00,0.869096509240246,0.0294157788157463
4c,2008-12-11 19:30:00,0.949520876112252,-0.00925801508128643
4c,2009-01-30 10:30:00,0.0833333333333333,0.0392623580992222
4c,2009-02-13 09:00:00,0.121492128678987,0.0630737319588661
4c,2009-03-05 16:30:00,0.17984257357974,0.0629489496350288
4c,2009-04-20 13:30:00,0.305441478439425,0.108891502022743
4c,2009-05-28 01:30:00,0.408110882956879,0.097135990858078
4c,2009-06-04 16:30:00,0.428986995208761,0.18719756603241
4c,2009-07-28 03:00:00,0.575290896646133,0.163620084524155
4c,2009-08-06 07:30:00,0.600444900752909,0.300995171070099
4c,2009-09-04 15:00:00,0.680698151950719,0.171800136566162
4c,2009-10-06 13:30:00,0.76813826146475,0.175816923379898
4c,2009-11-10 01:30:00,0.862594113620808,0.0552451014518738
4c,2009-12-04 12:00:00,0.929500342231348,0.00806309562176466
4c,2010-01-11 21:00:00,0.0325119780971937,0.0116111058741808
4c,2010-02-26 03:00:00,0.156399726214921,0.055783849209547
4c,2010-03-02 03:00:00,0.170088980150582,0.0437050834298134
4c,2010-04-11 13:30:00,0.280800821355236,0.0754727721214294
4c,2010-05-23 16:30:00,0.396132785763176,0.138454228639603
4c,2010-06-24 18:00:00,0.483915126625599,0.128424972295761
4c,2010-07-05 07:30:00,0.512833675564682,0.122533023357391
4c,2010-08-31 07:30:00,0.668891170431211,0.18700960278511
4c,2010-09-04 07:30:00,0.67984257357974,0.126654088497162
4c,2010-10-28 03:00:00,0.827173169062286,0.117031596601009
4c,2010-11-22 01:30:00,0.895448323066393,0.0423432514071465
4c,2010-12-13 01:30:00,0.952943189596167,0.0322890281677246
4c,2011-01-14 18:00:00,0.0403832991101985,-0.0310957133769989
4c,2011-02-10 16:30:00,0.114134154688569,0.0350748859345913
4c,2011-03-06 15:00:00,0.182409308692676,0.0329399630427361
4c,2011-04-27 03:00:00,0.323408624229979,0.0732597336173058
4c,2011-05-28 13:30:00,0.409479808350445,0.333191156387329
4c,2011-06-24 16:30:00,0.483744010951403,0.193960011005402
4c,2011-07-18 16:30:00,0.549452429842574,0.219885796308517
4c,2011-08-05 07:30:00,0.597707049965777,0.571900129318237
4c,2011-09-16 15:00:00,0.713552361396304,0.191610276699066
4c,2011-10-12 16:30:00,0.784907597535934,0.0452035367488861
4c,2011-11-09 16:30:00,0.861567419575633,0.0814959332346916
4c,2011-12-02 03:00:00,0.92299794661191,0.0409611985087395
4c,2012-01-15 19:30:00,0.0432922655715264,0.0540395267307758
4c,2012-02-22 21:00:00,0.147501711156742,0.0888647809624672
4c,2012-03-18 01:30:00,0.2137234770705,0.069061391055584
4c,2012-04-30 01:30:00,0.33145106091718,0.0886786878108978
4c,2012-05-20 04:30:00,0.386550308008214,0.133959591388702
4c,2012-06-18 13:30:00,0.466974674880219,0.260532736778259
4c,2012-07-31 16:30:00,0.585044490075291,0.178068727254868
4c,2012-08-26 13:30:00,0.655886379192334,0.592151582241058
4c,2012-09-29 01:30:00,0.747604380561259,0.616470336914062
4c,2012-10-17 01:30:00,0.796885694729637,0.153942257165909
4c,2012-11-23 01:30:00,0.898186173853525,0.0295627061277628
4c,2012-12-02 10:30:00,0.923853524982888,0.0652284771203995
4c,2013-01-13 10:30:00,0.0367898699520876,0.0895921364426613
4c,2013-02-28 04:30:00,0.162046543463381,0.026403084397316
4c,2013-03-24 00:00:00,0.229979466119097,0.0715248212218285
4c,2013-04-06 00:00:00,0.265571526351814,0.137011423707008
4c,2013-05-19 16:30:00,0.385181382614648,0.121873632073402
4c,2013-06-09 04:30:00,0.441307323750856,0.181772947311401
4c,2013-07-12 06:00:00,0.531827515400411,0.16382685303688
4c,2013-08-20 19:30:00,0.640143737166324,0.207229822874069
4c,2013-09-03 01:30:00,0.676420260095825,0.140993803739548
4c,2013-10-05 10:30:00,0.765058179329227,0.226140975952148
4c,2013-11-24 16:30:00,0.902635181382615,0.0237221866846085
4c,2013-12-17 16:30:00,0.965605749486653,0.0198593772947788
4c,2014-01-03 10:30:00,0.0094113620807666,0.00700505543500185
4c,2014-02-02 18:00:00,0.0924024640657084,0.0757307857275009
4c,2014-03-29 13:30:00,0.245208761122519,0.0836217477917671
4c,2014-04-29 01:30:00,0.328713210130048,0.0614172667264938
4c,2014-05-15 04:30:00,0.372861054072553,0.108922474086285
4c,2014-06-11 07:30:00,0.447125256673511,0.177149653434753
4c,2014-07-08 06:00:00,0.520876112251882,0.409052282571793
4c,2014-08-01 01:30:00,0.586071184120465,0.241216033697128
4c,2014-09-06 16:30:00,0.686344969199179,0.153233170509338
4c,2014-10-11 15:00:00,0.781998631074606,0.631136059761047
4c,2014-11-03 15:00:00,0.844969199178645,0.0350751131772995
4c,2014-12-03 19:30:00,0.927618069815195,-0.0222896300256252
4c,2015-01-29 01:30:00,0.0795687885010267,-0.0180822163820267
4c,2015-02-26 01:30:00,0.156228610540726,0.0411574617028236
4c,2015-03-03 06:00:00,0.173169062286105,0.0471764355897903
4c,2015-04-19 22:30:00,0.303730321697467,0.126111507415771
4c,2015-05-28 15:00:00,0.409650924024641,0.141827344894409
4c,2015-06-30 16:30:00,0.500171115674196,0.15144282579422
4c,2015-07-09 16:30:00,0.524811772758385,0.366871982812881
4c,2015-08-24 01:30:00,0.649041752224504,0.271911650896072
4c,2015-09-27 01:30:00,0.742128678986995,0.181318998336792
4c,2015-10-23 13:30:00,0.814681724845996,0.0792524218559265
4c,2015-11-24 16:30:00,0.902635181382615,0.00172993540763855
4c,2015-12-10 10:30:00,0.945756331279945,0.0366873443126678
4c,2016-01-17 09:00:00,0.0475701574264203,0.0696407482028008
4c,2016-02-13 16:30:00,0.122347707049966,0.0124514242634177
4c,2016-03-13 16:30:00,0.201745379876797,0.076676681637764
4c,2016-04-13 16:30:00,0.286618754277892,0.113081157207489
4c,2016-05-24 15:00:00,0.398699520876112,0.0921671018004417
4c,2016-06-13 04:30:00,0.452258726899384,0.139794692397118
4c,2016-07-08 15:00:00,0.521902806297057,0.148755222558975
4c,2016-08-20 16:30:00,0.639801505817933,0.187914460897446
4c,2016-09-26 16:30:00,0.741101984941821,0.145577400922775
4c,2016-10-03 16:30:00,0.760266940451745,0.2460677921772
4c,2016-11-26 19:30:00,0.90845311430527,0.0135972341522574
4c,2016-12-13 01:30:00,0.952943189596167,0.0139336921274662
4c,2017-01-07 16:30:00,0.021047227926078,0.0140958661213517
4c,2017-02-22 13:30:00,0.146646132785763,0.0147492019459605
4c,2017-03-13 15:00:00,0.201574264202601,0.0936401933431625
4c,2017-04-11 00:00:00,0.279260780287474,0.100581929087639
4c,2017-05-24 16:30:00,0.398870636550308,0.134636580944061
4c,2017-06-17 03:00:00,0.463039014373717,0.150001615285873
4c,2017-07-26 16:30:00,0.57135523613963,0.148278474807739
4c,2017-08-03 16:30:00,0.593258042436687,0.169142007827759
4c,2017-09-15 16:30:00,0.710985626283368,0.166101366281509
4c,2017-10-28 01:30:00,0.82700205338809,0.366515934467316
4c,2017-11-17 12:00:00,0.882956878850103,0.067955270409584
4c,2017-12-24 03:00:00,0.983230663928816,0.000131420791149139
4c,2018-01-08 03:00:00,0.0222450376454483,0.017262440174818
4c,2018-02-28 10:30:00,0.162731006160164,0.0475859194993973
4c,2018-03-03 03:00:00,0.172826830937714,0.0695708617568016
4c,2018-04-23 15:00:00,0.313826146475017,0.0520158372819424
4c,2018-05-25 16:30:00,0.40160848733744,0.0943976119160652
4c,2018-06-09 16:30:00,0.442676249144422,0.230085104703903
4c,2018-07-01 16:30:00,0.502908966461328,0.285154581069946
4c,2018-08-11 16:30:00,0.615160848733744,0.251690357923508
4c,2018-09-29 04:30:00,0.747946611909651,0.593607306480408
4c,2018-10-04 15:00:00,0.762833675564682,0.267743617296219
4c,2018-11-12 16:30:00,0.869780971937029,0.0192325282841921
4c,2018-12-26 01:30:00,0.988535249828884,0.00182680040597916
4c,2019-01-31 04:30:00,0.0853867214236824,-0.023893915116787
4c,2019-02-07 04:30:00,0.104551676933607,0.0231449007987976
4c,2019-03-09 16:30:00,0.190793976728268,0.102162674069405
4c,2019-04-16 16:30:00,0.294832306639288,0.106142982840538
4c,2019-05-17 16:30:00,0.379705681040383,0.119678027927876
4c,2019-06-14 01:30:00,0.454654346338125,0.149184465408325
4c,2019-07-18 16:30:00,0.549452429842574,0.186668545007706
4c,2019-08-08 15:00:00,0.606776180698152,0.224687397480011
4c,2019-09-20 19:30:00,0.72501711156742,0.244710892438889
4c,2019-10-11 04:30:00,0.780800821355236,0.0762771442532539
4c,2019-11-06 16:30:00,0.853353867214237,0.0307746920734644
4c,2019-12-22 03:00:00,0.977754962354552,-0.00112271867692471
4c,2020-01-26 16:30:00,0.0730663928815879,0.106524832546711
4c,2020-02-15 16:30:00,0.12782340862423,0.0360943302512169
4c,2020-03-09 16:30:00,0.190793976728268,0.0934684798121452
4c,2020-04-01 00:00:00,0.251882272416153,0.0403489395976067
4c,2020-05-23 15:00:00,0.39596167008898,0.118936941027641
4c,2020-06-21 04:30:00,0.474161533196441,0.149735480546951
4c,2020-07-09 04:30:00,0.523442847364819,0.135225862264633
4c,2020-08-31 18:00:00,0.670088980150582,0.378053665161133
4c,2020-09-01 01:30:00,0.670944558521561,0.306829392910004
4c,2020-10-01 01:30:00,0.753080082135524,0.0883726328611374
4c,2020-11-02 15:00:00,0.842231348391513,0.0505394265055656
4c,2020-12-24 03:00:00,0.983230663928816,0.0334904342889786
4c,2021-01-23 04:30:00,0.0634839151266256,0.0750537440180779
4c,2021-02-26 15:00:00,0.157768651608487,0.0867896154522896
4c,2021-03-31 03:00:00,0.249486652977413,0.0962590649724007
4c,2021-04-23 04:30:00,0.312628336755647,0.127439796924591
4c,2021-05-22 16:30:00,0.393394934976044,0.0982080399990082
4c,2021-06-21 16:30:00,0.475530458590007,0.171193033456802
4c,2021-07-23 16:30:00,0.563141683778234,0.292489528656006
4c,2021-08-05 16:30:00,0.598733744010951,0.208855241537094
4c,2021-09-29 03:00:00,0.747775496235455,0.154160737991333
4c,2021-10-11 13:30:00,0.781827515400411,0.0974531322717667
4c,2021-11-06 15:00:00,0.853182751540041,0.0647700950503349
4c,2021-12-24 03:00:00,0.983230663928816,0.00987220741808414
4c,2022-01-23 04:30:00,0.0634839151266256,0.0632744133472443
4c,2022-02-18 16:30:00,0.136036960985626,0.074076920747757
4c,2022-03-18 01:30:00,0.2137234770705,0.128522723913193
4c,2022-04-14 03:00:00,0.287816563997262,0.107477441430092
4c,2022-05-20 15:00:00,0.387748117727584,0.116389393806458
4c,2022-06-05 16:30:00,0.431724845995893,0.167129993438721
4c,2022-07-30 16:30:00,0.582306639288159,0.180112570524216
4c,2022-08-31 03:00:00,0.668377823408624,0.163338840007782
4c,2022-09-17 15:00:00,0.716290212183436,0.284417480230331
4c,2022-10-14 04:30:00,0.789014373716632,0.0742677301168442
4c,2022-11-25 16:30:00,0.905373032169747,0.054599117487669
4c,2022-12-09 03:00:00,0.942162902121834,0.0373974367976189
4c,2023-01-13 16:30:00,0.0374743326488706,0.0225172452628613
4c,2023-02-13 04:30:00,0.1209787816564,0.0369734540581703
4c,2023-03-22 13:30:00,0.226043805612594,0.100692957639694
4c,2023-04-20 15:00:00,0.305612594113621,0.11916796118021
4c,2023-05-31 16:30:00,0.418035592060233,0.179164856672287
4c,2023-06-01 15:00:00,0.420602327173169,0.376381605863571
4c,2023-07-31 16:30:00,0.585044490075291,0.200082033872604
4c,2023-08-02 01:30:00,0.588809034907598,0.490284621715546
4c,2023-09-01 16:30:00,0.672655715263518,0.192526966333389
4c,2023-10-03 15:00:00,0.76009582477755,0.106931462883949
4c,2023-11-05 13:30:00,0.850273785078713,0.0244127959012985
4c,2023-12-04 16:30:00,0.930013689253936,0.0160254593938589
4c,2024-01-09 19:30:00,0.0268651608487337,0.0293615069240332
4c,2024-02-07 21:00:00,0.10643394934976,0.00643833540380001
4c,2024-03-31 10:30:00,0.250342231348392,0.0817469879984856
4c,2024-04-25 22:30:00,0.32015742642026,0.0935084596276283
4c,2024-05-27 19:30:00,0.407426420260096,0.116918809711933
4c,2024-06-13 07:30:00,0.452600958247776,0.10626658052206
4c,2024-07-24 16:30:00,0.565879534565366,0.138248413801193
4c,2024-08-26 16:30:00,0.656228610540726,0.164045840501785
4c,2024-09-14 12:00:00,0.707734428473648,0.191882491111755
4c,2024-10-27 22:30:00,0.826659822039699,0.0878980681300163
4c,2024-11-17 09:00:00,0.882614647501711,0.0406596064567566
4c,2024-12-05 22:30:00,0.933436002737851,-0.0237909778952599
